date,Firm,Sample,Turnout,Lead,name,value
2016-06-26,generalelection,NA,66.5,10.4,pp,33
2016-06-26,generalelection,NA,66.5,10.4,psoe,22.6
2016-06-26,generalelection,NA,66.5,10.4,upo,NA
2016-06-26,generalelection,NA,66.5,10.4,cs,13.1
2016-06-26,generalelection,NA,66.5,10.4,up,NA
2016-06-26,generalelection,NA,66.5,10.4,erc,2.7
2016-06-26,generalelection,NA,66.5,10.4,dil,2
2016-06-26,generalelection,NA,66.5,10.4,pnv,1.2
2016-06-26,generalelection,NA,66.5,10.4,pacma,1.2
2016-06-26,generalelection,NA,66.5,10.4,eh,0.8
2016-06-26,generalelection,NA,66.5,10.4,cc,0.3
2016-06-26,generalelection,NA,66.5,10.4,upo,21.2
2016-06-26,sigmadosrtveforta,132000,NA,2.9,pp,28.5
2016-06-26,sigmadosrtveforta,132000,NA,2.9,psoe,22
2016-06-26,sigmadosrtveforta,132000,NA,2.9,upo,NA
2016-06-26,sigmadosrtveforta,132000,NA,2.9,cs,11.8
2016-06-26,sigmadosrtveforta,132000,NA,2.9,up,NA
2016-06-26,sigmadosrtveforta,132000,NA,2.9,erc,3.1
2016-06-26,sigmadosrtveforta,132000,NA,2.9,dil,1.4
2016-06-26,sigmadosrtveforta,132000,NA,2.9,pnv,1.3
2016-06-26,sigmadosrtveforta,132000,NA,2.9,pacma,NA
2016-06-26,sigmadosrtveforta,132000,NA,2.9,eh,1
2016-06-26,sigmadosrtveforta,132000,NA,2.9,cc,0.3
2016-06-26,sigmadosrtveforta,132000,NA,2.9,upo,25.6
2016-06-25,ncreport,NA,NA,8.2,pp,31.9
2016-06-25,ncreport,NA,NA,8.2,psoe,22
2016-06-25,ncreport,NA,NA,8.2,upo,NA
2016-06-25,ncreport,NA,NA,8.2,cs,13
2016-06-25,ncreport,NA,NA,8.2,up,NA
2016-06-25,ncreport,NA,NA,8.2,erc,2.4
2016-06-25,ncreport,NA,NA,8.2,dil,1.8
2016-06-25,ncreport,NA,NA,8.2,pnv,1.1
2016-06-25,ncreport,NA,NA,8.2,pacma,NA
2016-06-25,ncreport,NA,NA,8.2,eh,0.8
2016-06-25,ncreport,NA,NA,8.2,cc,0.3
2016-06-25,ncreport,NA,NA,8.2,upo,23.7
2016-06-25,gesopelperidic,1000,68,4.8,pp,28.7
2016-06-25,gesopelperidic,1000,68,4.8,psoe,21.6
2016-06-25,gesopelperidic,1000,68,4.8,upo,NA
2016-06-25,gesopelperidic,1000,68,4.8,cs,14.5
2016-06-25,gesopelperidic,1000,68,4.8,up,NA
2016-06-25,gesopelperidic,1000,68,4.8,erc,NA
2016-06-25,gesopelperidic,1000,68,4.8,dil,NA
2016-06-25,gesopelperidic,1000,68,4.8,pnv,NA
2016-06-25,gesopelperidic,1000,68,4.8,pacma,NA
2016-06-25,gesopelperidic,1000,68,4.8,eh,NA
2016-06-25,gesopelperidic,1000,68,4.8,cc,NA
2016-06-25,gesopelperidic,1000,68,4.8,upo,23.9
2016-06-24,gesopelperidic,900,70,5.0,pp,28.7
2016-06-24,gesopelperidic,900,70,5.0,psoe,21.6
2016-06-24,gesopelperidic,900,70,5.0,upo,NA
2016-06-24,gesopelperidic,900,70,5.0,cs,14.9
2016-06-24,gesopelperidic,900,70,5.0,up,NA
2016-06-24,gesopelperidic,900,70,5.0,erc,NA
2016-06-24,gesopelperidic,900,70,5.0,dil,NA
2016-06-24,gesopelperidic,900,70,5.0,pnv,NA
2016-06-24,gesopelperidic,900,70,5.0,pacma,NA
2016-06-24,gesopelperidic,900,70,5.0,eh,NA
2016-06-24,gesopelperidic,900,70,5.0,cc,NA
2016-06-24,gesopelperidic,900,70,5.0,upo,23.7
2016-06-24,gadabc,4000,NA,5.6,pp,30.4
2016-06-24,gadabc,4000,NA,5.6,psoe,21.8
2016-06-24,gadabc,4000,NA,5.6,upo,NA
2016-06-24,gadabc,4000,NA,5.6,cs,13.2
2016-06-24,gadabc,4000,NA,5.6,up,NA
2016-06-24,gadabc,4000,NA,5.6,erc,2.8
2016-06-24,gadabc,4000,NA,5.6,dil,1.6
2016-06-24,gadabc,4000,NA,5.6,pnv,1.2
2016-06-24,gadabc,4000,NA,5.6,pacma,NA
2016-06-24,gadabc,4000,NA,5.6,eh,0.9
2016-06-24,gadabc,4000,NA,5.6,cc,0.3
2016-06-24,gadabc,4000,NA,5.6,upo,24.8
2016-06-23,ncreport,NA,NA,7.2,pp,31.7
2016-06-23,ncreport,NA,NA,7.2,psoe,21.6
2016-06-23,ncreport,NA,NA,7.2,upo,NA
2016-06-23,ncreport,NA,NA,7.2,cs,13.1
2016-06-23,ncreport,NA,NA,7.2,up,NA
2016-06-23,ncreport,NA,NA,7.2,erc,2.3
2016-06-23,ncreport,NA,NA,7.2,dil,1.7
2016-06-23,ncreport,NA,NA,7.2,pnv,1.1
2016-06-23,ncreport,NA,NA,7.2,pacma,NA
2016-06-23,ncreport,NA,NA,7.2,eh,0.7
2016-06-23,ncreport,NA,NA,7.2,cc,0.3
2016-06-23,ncreport,NA,NA,7.2,upo,24.5
2016-06-23,gesopelperidic,900,69,4.0,pp,28
2016-06-23,gesopelperidic,900,69,4.0,psoe,21.8
2016-06-23,gesopelperidic,900,69,4.0,upo,NA
2016-06-23,gesopelperidic,900,69,4.0,cs,15.2
2016-06-23,gesopelperidic,900,69,4.0,up,NA
2016-06-23,gesopelperidic,900,69,4.0,erc,NA
2016-06-23,gesopelperidic,900,69,4.0,dil,NA
2016-06-23,gesopelperidic,900,69,4.0,pnv,NA
2016-06-23,gesopelperidic,900,69,4.0,pacma,NA
2016-06-23,gesopelperidic,900,69,4.0,eh,NA
2016-06-23,gesopelperidic,900,69,4.0,cc,NA
2016-06-23,gesopelperidic,900,69,4.0,upo,24
2016-06-22,gesopelperidic,900,69,4.6,pp,28.2
2016-06-22,gesopelperidic,900,69,4.6,psoe,21.7
2016-06-22,gesopelperidic,900,69,4.6,upo,NA
2016-06-22,gesopelperidic,900,69,4.6,cs,15.2
2016-06-22,gesopelperidic,900,69,4.6,up,NA
2016-06-22,gesopelperidic,900,69,4.6,erc,NA
2016-06-22,gesopelperidic,900,69,4.6,dil,NA
2016-06-22,gesopelperidic,900,69,4.6,pnv,NA
2016-06-22,gesopelperidic,900,69,4.6,pacma,NA
2016-06-22,gesopelperidic,900,69,4.6,eh,NA
2016-06-22,gesopelperidic,900,69,4.6,cc,NA
2016-06-22,gesopelperidic,900,69,4.6,upo,23.6
2016-06-21,ncreport,NA,NA,6.2,pp,31.3
2016-06-21,ncreport,NA,NA,6.2,psoe,21.4
2016-06-21,ncreport,NA,NA,6.2,upo,NA
2016-06-21,ncreport,NA,NA,6.2,cs,13.2
2016-06-21,ncreport,NA,NA,6.2,up,NA
2016-06-21,ncreport,NA,NA,6.2,erc,2.3
2016-06-21,ncreport,NA,NA,6.2,dil,1.7
2016-06-21,ncreport,NA,NA,6.2,pnv,1.1
2016-06-21,ncreport,NA,NA,6.2,pacma,NA
2016-06-21,ncreport,NA,NA,6.2,eh,0.7
2016-06-21,ncreport,NA,NA,6.2,cc,0.3
2016-06-21,ncreport,NA,NA,6.2,upo,25.1
2016-06-21,gesopelperidic,900,68,4.8,pp,28.5
2016-06-21,gesopelperidic,900,68,4.8,psoe,21.5
2016-06-21,gesopelperidic,900,68,4.8,upo,NA
2016-06-21,gesopelperidic,900,68,4.8,cs,15.2
2016-06-21,gesopelperidic,900,68,4.8,up,NA
2016-06-21,gesopelperidic,900,68,4.8,erc,NA
2016-06-21,gesopelperidic,900,68,4.8,dil,NA
2016-06-21,gesopelperidic,900,68,4.8,pnv,NA
2016-06-21,gesopelperidic,900,68,4.8,pacma,NA
2016-06-21,gesopelperidic,900,68,4.8,eh,NA
2016-06-21,gesopelperidic,900,68,4.8,cc,NA
2016-06-21,gesopelperidic,900,68,4.8,upo,23.7
2016-06-20,gesopelperidic,900,69,5.3,pp,29
2016-06-20,gesopelperidic,900,69,5.3,psoe,21.5
2016-06-20,gesopelperidic,900,69,5.3,upo,NA
2016-06-20,gesopelperidic,900,69,5.3,cs,14.9
2016-06-20,gesopelperidic,900,69,5.3,up,NA
2016-06-20,gesopelperidic,900,69,5.3,erc,NA
2016-06-20,gesopelperidic,900,69,5.3,dil,NA
2016-06-20,gesopelperidic,900,69,5.3,pnv,NA
2016-06-20,gesopelperidic,900,69,5.3,pacma,NA
2016-06-20,gesopelperidic,900,69,5.3,eh,NA
2016-06-20,gesopelperidic,900,69,5.3,cc,NA
2016-06-20,gesopelperidic,900,69,5.3,upo,23.7
2016-06-20,gadabc,1900,NA,5.8,pp,30.7
2016-06-20,gadabc,1900,NA,5.8,psoe,21.2
2016-06-20,gadabc,1900,NA,5.8,upo,NA
2016-06-20,gadabc,1900,NA,5.8,cs,14.1
2016-06-20,gadabc,1900,NA,5.8,up,NA
2016-06-20,gadabc,1900,NA,5.8,erc,NA
2016-06-20,gadabc,1900,NA,5.8,dil,NA
2016-06-20,gadabc,1900,NA,5.8,pnv,NA
2016-06-20,gadabc,1900,NA,5.8,pacma,NA
2016-06-20,gadabc,1900,NA,5.8,eh,NA
2016-06-20,gadabc,1900,NA,5.8,cc,NA
2016-06-20,gadabc,1900,NA,5.8,upo,24.9
2016-06-20,gipeyop,10244,NA,5.0,pp,29.5
2016-06-20,gipeyop,10244,NA,5.0,psoe,22
2016-06-20,gipeyop,10244,NA,5.0,upo,NA
2016-06-20,gipeyop,10244,NA,5.0,cs,14.5
2016-06-20,gipeyop,10244,NA,5.0,up,NA
2016-06-20,gipeyop,10244,NA,5.0,erc,2.7
2016-06-20,gipeyop,10244,NA,5.0,dil,2
2016-06-20,gipeyop,10244,NA,5.0,pnv,1.1
2016-06-20,gipeyop,10244,NA,5.0,pacma,NA
2016-06-20,gipeyop,10244,NA,5.0,eh,0.9
2016-06-20,gipeyop,10244,NA,5.0,cc,NA
2016-06-20,gipeyop,10244,NA,5.0,upo,24.5
2016-06-19,redondoasociadosexpansin,NA,NA,4.5,pp,29.4
2016-06-19,redondoasociadosexpansin,NA,NA,4.5,psoe,21.5
2016-06-19,redondoasociadosexpansin,NA,NA,4.5,upo,NA
2016-06-19,redondoasociadosexpansin,NA,NA,4.5,cs,15.1
2016-06-19,redondoasociadosexpansin,NA,NA,4.5,up,NA
2016-06-19,redondoasociadosexpansin,NA,NA,4.5,erc,NA
2016-06-19,redondoasociadosexpansin,NA,NA,4.5,dil,NA
2016-06-19,redondoasociadosexpansin,NA,NA,4.5,pnv,NA
2016-06-19,redondoasociadosexpansin,NA,NA,4.5,pacma,NA
2016-06-19,redondoasociadosexpansin,NA,NA,4.5,eh,NA
2016-06-19,redondoasociadosexpansin,NA,NA,4.5,cc,NA
2016-06-19,redondoasociadosexpansin,NA,NA,4.5,upo,24.9
2016-06-19,jmapblico,NA,69,5.9,pp,29.8
2016-06-19,jmapblico,NA,69,5.9,psoe,22.1
2016-06-19,jmapblico,NA,69,5.9,upo,NA
2016-06-19,jmapblico,NA,69,5.9,cs,13.9
2016-06-19,jmapblico,NA,69,5.9,up,NA
2016-06-19,jmapblico,NA,69,5.9,erc,2.4
2016-06-19,jmapblico,NA,69,5.9,dil,2.2
2016-06-19,jmapblico,NA,69,5.9,pnv,1.3
2016-06-19,jmapblico,NA,69,5.9,pacma,NA
2016-06-19,jmapblico,NA,69,5.9,eh,0.9
2016-06-19,jmapblico,NA,69,5.9,cc,0.3
2016-06-19,jmapblico,NA,69,5.9,upo,23.9
2016-06-19,infortcnica,2071,NA,NA,pp,NA
2016-06-19,infortcnica,2071,NA,NA,psoe,NA
2016-06-19,infortcnica,2071,NA,NA,upo,NA
2016-06-19,infortcnica,2071,NA,NA,cs,NA
2016-06-19,infortcnica,2071,NA,NA,up,NA
2016-06-19,infortcnica,2071,NA,NA,erc,NA
2016-06-19,infortcnica,2071,NA,NA,dil,NA
2016-06-19,infortcnica,2071,NA,NA,pnv,NA
2016-06-19,infortcnica,2071,NA,NA,pacma,NA
2016-06-19,infortcnica,2071,NA,NA,eh,NA
2016-06-19,infortcnica,2071,NA,NA,cc,NA
2016-06-19,infortcnica,2071,NA,NA,upo,NA
2016-06-19,invymarklasexta,1200,NA,4.0,pp,30.1
2016-06-19,invymarklasexta,1200,NA,4.0,psoe,19.9
2016-06-19,invymarklasexta,1200,NA,4.0,upo,NA
2016-06-19,invymarklasexta,1200,NA,4.0,cs,13.8
2016-06-19,invymarklasexta,1200,NA,4.0,up,NA
2016-06-19,invymarklasexta,1200,NA,4.0,erc,NA
2016-06-19,invymarklasexta,1200,NA,4.0,dil,NA
2016-06-19,invymarklasexta,1200,NA,4.0,pnv,NA
2016-06-19,invymarklasexta,1200,NA,4.0,pacma,NA
2016-06-19,invymarklasexta,1200,NA,4.0,eh,NA
2016-06-19,invymarklasexta,1200,NA,4.0,cc,NA
2016-06-19,invymarklasexta,1200,NA,4.0,upo,26.1
2016-06-19,gesopelperidico,900,70,4.3,pp,28.3
2016-06-19,gesopelperidico,900,70,4.3,psoe,21.9
2016-06-19,gesopelperidico,900,70,4.3,upo,NA
2016-06-19,gesopelperidico,900,70,4.3,cs,14.9
2016-06-19,gesopelperidico,900,70,4.3,up,NA
2016-06-19,gesopelperidico,900,70,4.3,erc,NA
2016-06-19,gesopelperidico,900,70,4.3,dil,NA
2016-06-19,gesopelperidico,900,70,4.3,pnv,NA
2016-06-19,gesopelperidico,900,70,4.3,pacma,NA
2016-06-19,gesopelperidico,900,70,4.3,eh,NA
2016-06-19,gesopelperidico,900,70,4.3,cc,NA
2016-06-19,gesopelperidico,900,70,4.3,upo,24
2016-06-19,tnsdemoscopia,500,70,4.9,pp,29.6
2016-06-19,tnsdemoscopia,500,70,4.9,psoe,21
2016-06-19,tnsdemoscopia,500,70,4.9,upo,NA
2016-06-19,tnsdemoscopia,500,70,4.9,cs,14.8
2016-06-19,tnsdemoscopia,500,70,4.9,up,NA
2016-06-19,tnsdemoscopia,500,70,4.9,erc,NA
2016-06-19,tnsdemoscopia,500,70,4.9,dil,NA
2016-06-19,tnsdemoscopia,500,70,4.9,pnv,NA
2016-06-19,tnsdemoscopia,500,70,4.9,pacma,NA
2016-06-19,tnsdemoscopia,500,70,4.9,eh,NA
2016-06-19,tnsdemoscopia,500,70,4.9,cc,NA
2016-06-19,tnsdemoscopia,500,70,4.9,upo,24.7
2016-06-19,encuestamos,2400,NA,6.7,pp,30.6
2016-06-19,encuestamos,2400,NA,6.7,psoe,22
2016-06-19,encuestamos,2400,NA,6.7,upo,NA
2016-06-19,encuestamos,2400,NA,6.7,cs,13.6
2016-06-19,encuestamos,2400,NA,6.7,up,NA
2016-06-19,encuestamos,2400,NA,6.7,erc,2.2
2016-06-19,encuestamos,2400,NA,6.7,dil,2
2016-06-19,encuestamos,2400,NA,6.7,pnv,1.2
2016-06-19,encuestamos,2400,NA,6.7,pacma,NA
2016-06-19,encuestamos,2400,NA,6.7,eh,0.8
2016-06-19,encuestamos,2400,NA,6.7,cc,0.2
2016-06-19,encuestamos,2400,NA,6.7,upo,23.9
2016-06-18,gesopelperidico,900,71,5.1,pp,28.8
2016-06-18,gesopelperidico,900,71,5.1,psoe,21.6
2016-06-18,gesopelperidico,900,71,5.1,upo,NA
2016-06-18,gesopelperidico,900,71,5.1,cs,15.4
2016-06-18,gesopelperidico,900,71,5.1,up,NA
2016-06-18,gesopelperidico,900,71,5.1,erc,NA
2016-06-18,gesopelperidico,900,71,5.1,dil,NA
2016-06-18,gesopelperidico,900,71,5.1,pnv,NA
2016-06-18,gesopelperidico,900,71,5.1,pacma,NA
2016-06-18,gesopelperidico,900,71,5.1,eh,NA
2016-06-18,gesopelperidico,900,71,5.1,cc,NA
2016-06-18,gesopelperidico,900,71,5.1,upo,23.7
2016-06-17,gesopelperidico,900,70,4.1,pp,28.3
2016-06-17,gesopelperidico,900,70,4.1,psoe,21.2
2016-06-17,gesopelperidico,900,70,4.1,upo,NA
2016-06-17,gesopelperidico,900,70,4.1,cs,15.6
2016-06-17,gesopelperidico,900,70,4.1,up,NA
2016-06-17,gesopelperidico,900,70,4.1,erc,NA
2016-06-17,gesopelperidico,900,70,4.1,dil,NA
2016-06-17,gesopelperidico,900,70,4.1,pnv,NA
2016-06-17,gesopelperidico,900,70,4.1,pacma,NA
2016-06-17,gesopelperidico,900,70,4.1,eh,NA
2016-06-17,gesopelperidico,900,70,4.1,cc,NA
2016-06-17,gesopelperidico,900,70,4.1,upo,24.2
2016-06-17,celesteteleldiarioes,1100,66.5,5.2,pp,30.5
2016-06-17,celesteteleldiarioes,1100,66.5,5.2,psoe,21.8
2016-06-17,celesteteleldiarioes,1100,66.5,5.2,upo,NA
2016-06-17,celesteteleldiarioes,1100,66.5,5.2,cs,13.3
2016-06-17,celesteteleldiarioes,1100,66.5,5.2,up,NA
2016-06-17,celesteteleldiarioes,1100,66.5,5.2,erc,2.4
2016-06-17,celesteteleldiarioes,1100,66.5,5.2,dil,1.7
2016-06-17,celesteteleldiarioes,1100,66.5,5.2,pnv,1.1
2016-06-17,celesteteleldiarioes,1100,66.5,5.2,pacma,0.8
2016-06-17,celesteteleldiarioes,1100,66.5,5.2,eh,0.8
2016-06-17,celesteteleldiarioes,1100,66.5,5.2,cc,0.3
2016-06-17,celesteteleldiarioes,1100,66.5,5.2,upo,25.3
2016-06-17,amminutos,4000,68.8,4.5,pp,28.8
2016-06-17,amminutos,4000,68.8,4.5,psoe,21.7
2016-06-17,amminutos,4000,68.8,4.5,upo,NA
2016-06-17,amminutos,4000,68.8,4.5,cs,16.2
2016-06-17,amminutos,4000,68.8,4.5,up,NA
2016-06-17,amminutos,4000,68.8,4.5,erc,2.3
2016-06-17,amminutos,4000,68.8,4.5,dil,1.7
2016-06-17,amminutos,4000,68.8,4.5,pnv,1.1
2016-06-17,amminutos,4000,68.8,4.5,pacma,NA
2016-06-17,amminutos,4000,68.8,4.5,eh,0.8
2016-06-17,amminutos,4000,68.8,4.5,cc,0.2
2016-06-17,amminutos,4000,68.8,4.5,upo,24.3
2016-06-17,hamalgamamtricalaprovincia,1450,69.7,4.2,pp,30.4
2016-06-17,hamalgamamtricalaprovincia,1450,69.7,4.2,psoe,21
2016-06-17,hamalgamamtricalaprovincia,1450,69.7,4.2,upo,NA
2016-06-17,hamalgamamtricalaprovincia,1450,69.7,4.2,cs,12.5
2016-06-17,hamalgamamtricalaprovincia,1450,69.7,4.2,up,NA
2016-06-17,hamalgamamtricalaprovincia,1450,69.7,4.2,erc,2.1
2016-06-17,hamalgamamtricalaprovincia,1450,69.7,4.2,dil,2
2016-06-17,hamalgamamtricalaprovincia,1450,69.7,4.2,pnv,1.3
2016-06-17,hamalgamamtricalaprovincia,1450,69.7,4.2,pacma,NA
2016-06-17,hamalgamamtricalaprovincia,1450,69.7,4.2,eh,0.8
2016-06-17,hamalgamamtricalaprovincia,1450,69.7,4.2,cc,0.3
2016-06-17,hamalgamamtricalaprovincia,1450,69.7,4.2,upo,26.2
2016-06-17,netquestelespaol,2000,NA,6.4,pp,30.4
2016-06-17,netquestelespaol,2000,NA,6.4,psoe,20.4
2016-06-17,netquestelespaol,2000,NA,6.4,upo,NA
2016-06-17,netquestelespaol,2000,NA,6.4,cs,15.2
2016-06-17,netquestelespaol,2000,NA,6.4,up,NA
2016-06-17,netquestelespaol,2000,NA,6.4,erc,NA
2016-06-17,netquestelespaol,2000,NA,6.4,dil,NA
2016-06-17,netquestelespaol,2000,NA,6.4,pnv,NA
2016-06-17,netquestelespaol,2000,NA,6.4,pacma,NA
2016-06-17,netquestelespaol,2000,NA,6.4,eh,NA
2016-06-17,netquestelespaol,2000,NA,6.4,cc,NA
2016-06-17,netquestelespaol,2000,NA,6.4,upo,24
2016-06-17,ncreportlarazn,2000,64.6,5.7,pp,31.1
2016-06-17,ncreportlarazn,2000,64.6,5.7,psoe,21.2
2016-06-17,ncreportlarazn,2000,64.6,5.7,upo,NA
2016-06-17,ncreportlarazn,2000,64.6,5.7,cs,13.2
2016-06-17,ncreportlarazn,2000,64.6,5.7,up,NA
2016-06-17,ncreportlarazn,2000,64.6,5.7,erc,2.3
2016-06-17,ncreportlarazn,2000,64.6,5.7,dil,1.7
2016-06-17,ncreportlarazn,2000,64.6,5.7,pnv,1.1
2016-06-17,ncreportlarazn,2000,64.6,5.7,pacma,NA
2016-06-17,ncreportlarazn,2000,64.6,5.7,eh,0.8
2016-06-17,ncreportlarazn,2000,64.6,5.7,cc,0.3
2016-06-17,ncreportlarazn,2000,64.6,5.7,upo,25.4
2016-06-16,invymarklasexta,NA,NA,4.5,pp,29.8
2016-06-16,invymarklasexta,NA,NA,4.5,psoe,20.4
2016-06-16,invymarklasexta,NA,NA,4.5,upo,NA
2016-06-16,invymarklasexta,NA,NA,4.5,cs,14.1
2016-06-16,invymarklasexta,NA,NA,4.5,up,NA
2016-06-16,invymarklasexta,NA,NA,4.5,erc,NA
2016-06-16,invymarklasexta,NA,NA,4.5,dil,NA
2016-06-16,invymarklasexta,NA,NA,4.5,pnv,NA
2016-06-16,invymarklasexta,NA,NA,4.5,pacma,NA
2016-06-16,invymarklasexta,NA,NA,4.5,eh,NA
2016-06-16,invymarklasexta,NA,NA,4.5,cc,NA
2016-06-16,invymarklasexta,NA,NA,4.5,upo,25.3
2016-06-16,sigmadoselmundo,1500,NA,5.7,pp,30.5
2016-06-16,sigmadoselmundo,1500,NA,5.7,psoe,20
2016-06-16,sigmadoselmundo,1500,NA,5.7,upo,NA
2016-06-16,sigmadoselmundo,1500,NA,5.7,cs,14.1
2016-06-16,sigmadoselmundo,1500,NA,5.7,up,NA
2016-06-16,sigmadoselmundo,1500,NA,5.7,erc,2.4
2016-06-16,sigmadoselmundo,1500,NA,5.7,dil,1.8
2016-06-16,sigmadoselmundo,1500,NA,5.7,pnv,1.2
2016-06-16,sigmadoselmundo,1500,NA,5.7,pacma,NA
2016-06-16,sigmadoselmundo,1500,NA,5.7,eh,NA
2016-06-16,sigmadoselmundo,1500,NA,5.7,cc,NA
2016-06-16,sigmadoselmundo,1500,NA,5.7,upo,24.8
2016-06-16,gesopelperidico,900,69,4.5,pp,28.6
2016-06-16,gesopelperidico,900,69,4.5,psoe,20.8
2016-06-16,gesopelperidico,900,69,4.5,upo,NA
2016-06-16,gesopelperidico,900,69,4.5,cs,15.6
2016-06-16,gesopelperidico,900,69,4.5,up,NA
2016-06-16,gesopelperidico,900,69,4.5,erc,NA
2016-06-16,gesopelperidico,900,69,4.5,dil,NA
2016-06-16,gesopelperidico,900,69,4.5,pnv,NA
2016-06-16,gesopelperidico,900,69,4.5,pacma,NA
2016-06-16,gesopelperidico,900,69,4.5,eh,NA
2016-06-16,gesopelperidico,900,69,4.5,cc,NA
2016-06-16,gesopelperidico,900,69,4.5,upo,24.1
2016-06-16,gadabc,1400,NA,5.7,pp,30.3
2016-06-16,gadabc,1400,NA,5.7,psoe,21.4
2016-06-16,gadabc,1400,NA,5.7,upo,NA
2016-06-16,gadabc,1400,NA,5.7,cs,14.4
2016-06-16,gadabc,1400,NA,5.7,up,NA
2016-06-16,gadabc,1400,NA,5.7,erc,2.3
2016-06-16,gadabc,1400,NA,5.7,dil,1.7
2016-06-16,gadabc,1400,NA,5.7,pnv,1.2
2016-06-16,gadabc,1400,NA,5.7,pacma,NA
2016-06-16,gadabc,1400,NA,5.7,eh,0.8
2016-06-16,gadabc,1400,NA,5.7,cc,0.3
2016-06-16,gadabc,1400,NA,5.7,upo,24.6
2016-06-16,celesteteleldiarioes,1100,66.4,5.2,pp,30.3
2016-06-16,celesteteleldiarioes,1100,66.4,5.2,psoe,21.8
2016-06-16,celesteteleldiarioes,1100,66.4,5.2,upo,NA
2016-06-16,celesteteleldiarioes,1100,66.4,5.2,cs,13.4
2016-06-16,celesteteleldiarioes,1100,66.4,5.2,up,NA
2016-06-16,celesteteleldiarioes,1100,66.4,5.2,erc,2.4
2016-06-16,celesteteleldiarioes,1100,66.4,5.2,dil,1.7
2016-06-16,celesteteleldiarioes,1100,66.4,5.2,pnv,1.2
2016-06-16,celesteteleldiarioes,1100,66.4,5.2,pacma,0.8
2016-06-16,celesteteleldiarioes,1100,66.4,5.2,eh,0.8
2016-06-16,celesteteleldiarioes,1100,66.4,5.2,cc,0.3
2016-06-16,celesteteleldiarioes,1100,66.4,5.2,upo,25.1
2016-06-16,mywordcadenaser,1502,NA,4.1,pp,28.9
2016-06-16,mywordcadenaser,1502,NA,4.1,psoe,20.4
2016-06-16,mywordcadenaser,1502,NA,4.1,upo,NA
2016-06-16,mywordcadenaser,1502,NA,4.1,cs,14.4
2016-06-16,mywordcadenaser,1502,NA,4.1,up,NA
2016-06-16,mywordcadenaser,1502,NA,4.1,erc,NA
2016-06-16,mywordcadenaser,1502,NA,4.1,dil,NA
2016-06-16,mywordcadenaser,1502,NA,4.1,pnv,NA
2016-06-16,mywordcadenaser,1502,NA,4.1,pacma,NA
2016-06-16,mywordcadenaser,1502,NA,4.1,eh,NA
2016-06-16,mywordcadenaser,1502,NA,4.1,cc,NA
2016-06-16,mywordcadenaser,1502,NA,4.1,upo,24.8
2016-06-15,dymelconfidencial,1011,72,4.1,pp,29
2016-06-15,dymelconfidencial,1011,72,4.1,psoe,21
2016-06-15,dymelconfidencial,1011,72,4.1,upo,NA
2016-06-15,dymelconfidencial,1011,72,4.1,cs,15.2
2016-06-15,dymelconfidencial,1011,72,4.1,up,NA
2016-06-15,dymelconfidencial,1011,72,4.1,erc,NA
2016-06-15,dymelconfidencial,1011,72,4.1,dil,NA
2016-06-15,dymelconfidencial,1011,72,4.1,pnv,NA
2016-06-15,dymelconfidencial,1011,72,4.1,pacma,NA
2016-06-15,dymelconfidencial,1011,72,4.1,eh,NA
2016-06-15,dymelconfidencial,1011,72,4.1,cc,NA
2016-06-15,dymelconfidencial,1011,72,4.1,upo,24.9
2016-06-15,metroscopiaelpas,1800,70,3.0,pp,29
2016-06-15,metroscopiaelpas,1800,70,3.0,psoe,20.5
2016-06-15,metroscopiaelpas,1800,70,3.0,upo,NA
2016-06-15,metroscopiaelpas,1800,70,3.0,cs,14.5
2016-06-15,metroscopiaelpas,1800,70,3.0,up,NA
2016-06-15,metroscopiaelpas,1800,70,3.0,erc,NA
2016-06-15,metroscopiaelpas,1800,70,3.0,dil,NA
2016-06-15,metroscopiaelpas,1800,70,3.0,pnv,NA
2016-06-15,metroscopiaelpas,1800,70,3.0,pacma,NA
2016-06-15,metroscopiaelpas,1800,70,3.0,eh,NA
2016-06-15,metroscopiaelpas,1800,70,3.0,cc,NA
2016-06-15,metroscopiaelpas,1800,70,3.0,upo,26
2016-06-15,gesopelperidico,900,68,3.8,pp,28.3
2016-06-15,gesopelperidico,900,68,3.8,psoe,20.8
2016-06-15,gesopelperidico,900,68,3.8,upo,NA
2016-06-15,gesopelperidico,900,68,3.8,cs,15.4
2016-06-15,gesopelperidico,900,68,3.8,up,NA
2016-06-15,gesopelperidico,900,68,3.8,erc,NA
2016-06-15,gesopelperidico,900,68,3.8,dil,NA
2016-06-15,gesopelperidico,900,68,3.8,pnv,NA
2016-06-15,gesopelperidico,900,68,3.8,pacma,NA
2016-06-15,gesopelperidico,900,68,3.8,eh,NA
2016-06-15,gesopelperidico,900,68,3.8,cc,NA
2016-06-15,gesopelperidico,900,68,3.8,upo,24.5
2016-06-15,advicestrategiceuropapress,2500,NA,4.5,pp,29.6
2016-06-15,advicestrategiceuropapress,2500,NA,4.5,psoe,20.5
2016-06-15,advicestrategiceuropapress,2500,NA,4.5,upo,NA
2016-06-15,advicestrategiceuropapress,2500,NA,4.5,cs,14.8
2016-06-15,advicestrategiceuropapress,2500,NA,4.5,up,NA
2016-06-15,advicestrategiceuropapress,2500,NA,4.5,erc,NA
2016-06-15,advicestrategiceuropapress,2500,NA,4.5,dil,NA
2016-06-15,advicestrategiceuropapress,2500,NA,4.5,pnv,NA
2016-06-15,advicestrategiceuropapress,2500,NA,4.5,pacma,NA
2016-06-15,advicestrategiceuropapress,2500,NA,4.5,eh,NA
2016-06-15,advicestrategiceuropapress,2500,NA,4.5,cc,NA
2016-06-15,advicestrategiceuropapress,2500,NA,4.5,upo,25.1
2016-06-15,simplelgica,1226,70.9,5.7,pp,29.2
2016-06-15,simplelgica,1226,70.9,5.7,psoe,22.5
2016-06-15,simplelgica,1226,70.9,5.7,upo,NA
2016-06-15,simplelgica,1226,70.9,5.7,cs,15.4
2016-06-15,simplelgica,1226,70.9,5.7,up,NA
2016-06-15,simplelgica,1226,70.9,5.7,erc,NA
2016-06-15,simplelgica,1226,70.9,5.7,dil,NA
2016-06-15,simplelgica,1226,70.9,5.7,pnv,NA
2016-06-15,simplelgica,1226,70.9,5.7,pacma,NA
2016-06-15,simplelgica,1226,70.9,5.7,eh,NA
2016-06-15,simplelgica,1226,70.9,5.7,cc,NA
2016-06-15,simplelgica,1226,70.9,5.7,upo,23.5
2016-06-14,gesopelperidico,900,69,3.1,pp,27.8
2016-06-14,gesopelperidico,900,69,3.1,psoe,21.1
2016-06-14,gesopelperidico,900,69,3.1,upo,NA
2016-06-14,gesopelperidico,900,69,3.1,cs,15.2
2016-06-14,gesopelperidico,900,69,3.1,up,NA
2016-06-14,gesopelperidico,900,69,3.1,erc,NA
2016-06-14,gesopelperidico,900,69,3.1,dil,NA
2016-06-14,gesopelperidico,900,69,3.1,pnv,NA
2016-06-14,gesopelperidico,900,69,3.1,pacma,NA
2016-06-14,gesopelperidico,900,69,3.1,eh,NA
2016-06-14,gesopelperidico,900,69,3.1,cc,NA
2016-06-14,gesopelperidico,900,69,3.1,upo,24.7
2016-06-14,redondoasociadostiempo,1000,NA,4.6,pp,29.2
2016-06-14,redondoasociadostiempo,1000,NA,4.6,psoe,21.1
2016-06-14,redondoasociadostiempo,1000,NA,4.6,upo,NA
2016-06-14,redondoasociadostiempo,1000,NA,4.6,cs,15.3
2016-06-14,redondoasociadostiempo,1000,NA,4.6,up,NA
2016-06-14,redondoasociadostiempo,1000,NA,4.6,erc,2.2
2016-06-14,redondoasociadostiempo,1000,NA,4.6,dil,1.5
2016-06-14,redondoasociadostiempo,1000,NA,4.6,pnv,1.1
2016-06-14,redondoasociadostiempo,1000,NA,4.6,pacma,NA
2016-06-14,redondoasociadostiempo,1000,NA,4.6,eh,0.9
2016-06-14,redondoasociadostiempo,1000,NA,4.6,cc,0.3
2016-06-14,redondoasociadostiempo,1000,NA,4.6,upo,24.6
2016-06-14,celesteteleldiarioes,1100,66.3,4.9,pp,29.8
2016-06-14,celesteteleldiarioes,1100,66.3,4.9,psoe,22
2016-06-14,celesteteleldiarioes,1100,66.3,4.9,upo,NA
2016-06-14,celesteteleldiarioes,1100,66.3,4.9,cs,13.8
2016-06-14,celesteteleldiarioes,1100,66.3,4.9,up,NA
2016-06-14,celesteteleldiarioes,1100,66.3,4.9,erc,2.4
2016-06-14,celesteteleldiarioes,1100,66.3,4.9,dil,1.7
2016-06-14,celesteteleldiarioes,1100,66.3,4.9,pnv,1.2
2016-06-14,celesteteleldiarioes,1100,66.3,4.9,pacma,NA
2016-06-14,celesteteleldiarioes,1100,66.3,4.9,eh,0.8
2016-06-14,celesteteleldiarioes,1100,66.3,4.9,cc,0.3
2016-06-14,celesteteleldiarioes,1100,66.3,4.9,upo,24.9
2016-06-13,jmapblico,NA,69,4.8,pp,29.2
2016-06-13,jmapblico,NA,69,4.8,psoe,21.1
2016-06-13,jmapblico,NA,69,4.8,upo,NA
2016-06-13,jmapblico,NA,69,4.8,cs,15.1
2016-06-13,jmapblico,NA,69,4.8,up,NA
2016-06-13,jmapblico,NA,69,4.8,erc,2.4
2016-06-13,jmapblico,NA,69,4.8,dil,2.2
2016-06-13,jmapblico,NA,69,4.8,pnv,1.2
2016-06-13,jmapblico,NA,69,4.8,pacma,NA
2016-06-13,jmapblico,NA,69,4.8,eh,0.9
2016-06-13,jmapblico,NA,69,4.8,cc,0.3
2016-06-13,jmapblico,NA,69,4.8,upo,24.4
2016-06-13,gesopelperidico,900,70,3.1,pp,28
2016-06-13,gesopelperidico,900,70,3.1,psoe,21
2016-06-13,gesopelperidico,900,70,3.1,upo,NA
2016-06-13,gesopelperidico,900,70,3.1,cs,14.9
2016-06-13,gesopelperidico,900,70,3.1,up,NA
2016-06-13,gesopelperidico,900,70,3.1,erc,NA
2016-06-13,gesopelperidico,900,70,3.1,dil,NA
2016-06-13,gesopelperidico,900,70,3.1,pnv,NA
2016-06-13,gesopelperidico,900,70,3.1,pacma,NA
2016-06-13,gesopelperidico,900,70,3.1,eh,NA
2016-06-13,gesopelperidico,900,70,3.1,cc,NA
2016-06-13,gesopelperidico,900,70,3.1,upo,24.9
2016-06-12,tnsdemoscopia,500,69,4.5,pp,29
2016-06-12,tnsdemoscopia,500,69,4.5,psoe,21.3
2016-06-12,tnsdemoscopia,500,69,4.5,upo,NA
2016-06-12,tnsdemoscopia,500,69,4.5,cs,15.6
2016-06-12,tnsdemoscopia,500,69,4.5,up,NA
2016-06-12,tnsdemoscopia,500,69,4.5,erc,NA
2016-06-12,tnsdemoscopia,500,69,4.5,dil,NA
2016-06-12,tnsdemoscopia,500,69,4.5,pnv,NA
2016-06-12,tnsdemoscopia,500,69,4.5,pacma,NA
2016-06-12,tnsdemoscopia,500,69,4.5,eh,NA
2016-06-12,tnsdemoscopia,500,69,4.5,cc,NA
2016-06-12,tnsdemoscopia,500,69,4.5,upo,24.5
2016-06-10,symconsultingvalenciaplaza,1816,72.8,5.3,pp,29.7
2016-06-10,symconsultingvalenciaplaza,1816,72.8,5.3,psoe,22.9
2016-06-10,symconsultingvalenciaplaza,1816,72.8,5.3,upo,NA
2016-06-10,symconsultingvalenciaplaza,1816,72.8,5.3,cs,13.4
2016-06-10,symconsultingvalenciaplaza,1816,72.8,5.3,up,NA
2016-06-10,symconsultingvalenciaplaza,1816,72.8,5.3,erc,NA
2016-06-10,symconsultingvalenciaplaza,1816,72.8,5.3,dil,NA
2016-06-10,symconsultingvalenciaplaza,1816,72.8,5.3,pnv,NA
2016-06-10,symconsultingvalenciaplaza,1816,72.8,5.3,pacma,NA
2016-06-10,symconsultingvalenciaplaza,1816,72.8,5.3,eh,NA
2016-06-10,symconsultingvalenciaplaza,1816,72.8,5.3,cc,NA
2016-06-10,symconsultingvalenciaplaza,1816,72.8,5.3,upo,24.4
2016-06-10,ncreportlarazn,1000,NA,5.8,pp,30.6
2016-06-10,ncreportlarazn,1000,NA,5.8,psoe,21.3
2016-06-10,ncreportlarazn,1000,NA,5.8,upo,NA
2016-06-10,ncreportlarazn,1000,NA,5.8,cs,13.7
2016-06-10,ncreportlarazn,1000,NA,5.8,up,NA
2016-06-10,ncreportlarazn,1000,NA,5.8,erc,2.3
2016-06-10,ncreportlarazn,1000,NA,5.8,dil,1.7
2016-06-10,ncreportlarazn,1000,NA,5.8,pnv,1.1
2016-06-10,ncreportlarazn,1000,NA,5.8,pacma,NA
2016-06-10,ncreportlarazn,1000,NA,5.8,eh,0.8
2016-06-10,ncreportlarazn,1000,NA,5.8,cc,0.3
2016-06-10,ncreportlarazn,1000,NA,5.8,upo,24.8
2016-06-10,netquestelespaol,2000,NA,4.1,pp,28.8
2016-06-10,netquestelespaol,2000,NA,4.1,psoe,21
2016-06-10,netquestelespaol,2000,NA,4.1,upo,NA
2016-06-10,netquestelespaol,2000,NA,4.1,cs,15.8
2016-06-10,netquestelespaol,2000,NA,4.1,up,NA
2016-06-10,netquestelespaol,2000,NA,4.1,erc,NA
2016-06-10,netquestelespaol,2000,NA,4.1,dil,NA
2016-06-10,netquestelespaol,2000,NA,4.1,pnv,NA
2016-06-10,netquestelespaol,2000,NA,4.1,pacma,NA
2016-06-10,netquestelespaol,2000,NA,4.1,eh,NA
2016-06-10,netquestelespaol,2000,NA,4.1,cc,NA
2016-06-10,netquestelespaol,2000,NA,4.1,upo,24.7
2016-06-09,gadlavanguardia,1016,70,5.5,pp,29.8
2016-06-09,gadlavanguardia,1016,70,5.5,psoe,21.4
2016-06-09,gadlavanguardia,1016,70,5.5,upo,NA
2016-06-09,gadlavanguardia,1016,70,5.5,cs,14.9
2016-06-09,gadlavanguardia,1016,70,5.5,up,NA
2016-06-09,gadlavanguardia,1016,70,5.5,erc,2.4
2016-06-09,gadlavanguardia,1016,70,5.5,dil,1.8
2016-06-09,gadlavanguardia,1016,70,5.5,pnv,1.2
2016-06-09,gadlavanguardia,1016,70,5.5,pacma,NA
2016-06-09,gadlavanguardia,1016,70,5.5,eh,0.9
2016-06-09,gadlavanguardia,1016,70,5.5,cc,0.3
2016-06-09,gadlavanguardia,1016,70,5.5,upo,24.3
2016-06-09,sondaxelavozdegalicia,1005,NA,3.1,pp,29.2
2016-06-09,sondaxelavozdegalicia,1005,NA,3.1,psoe,21.4
2016-06-09,sondaxelavozdegalicia,1005,NA,3.1,upo,NA
2016-06-09,sondaxelavozdegalicia,1005,NA,3.1,cs,12.9
2016-06-09,sondaxelavozdegalicia,1005,NA,3.1,up,NA
2016-06-09,sondaxelavozdegalicia,1005,NA,3.1,erc,2.4
2016-06-09,sondaxelavozdegalicia,1005,NA,3.1,dil,1.9
2016-06-09,sondaxelavozdegalicia,1005,NA,3.1,pnv,0.9
2016-06-09,sondaxelavozdegalicia,1005,NA,3.1,pacma,NA
2016-06-09,sondaxelavozdegalicia,1005,NA,3.1,eh,0.9
2016-06-09,sondaxelavozdegalicia,1005,NA,3.1,cc,NA
2016-06-09,sondaxelavozdegalicia,1005,NA,3.1,upo,26.1
2016-06-08,metroscopiaelpas,1200,70,3.5,pp,28.9
2016-06-08,metroscopiaelpas,1200,70,3.5,psoe,20.8
2016-06-08,metroscopiaelpas,1200,70,3.5,upo,NA
2016-06-08,metroscopiaelpas,1200,70,3.5,cs,15.9
2016-06-08,metroscopiaelpas,1200,70,3.5,up,NA
2016-06-08,metroscopiaelpas,1200,70,3.5,erc,NA
2016-06-08,metroscopiaelpas,1200,70,3.5,dil,NA
2016-06-08,metroscopiaelpas,1200,70,3.5,pnv,NA
2016-06-08,metroscopiaelpas,1200,70,3.5,pacma,NA
2016-06-08,metroscopiaelpas,1200,70,3.5,eh,NA
2016-06-08,metroscopiaelpas,1200,70,3.5,cc,NA
2016-06-08,metroscopiaelpas,1200,70,3.5,upo,25.4
2016-06-07,invymarklasexta,NA,NA,5.3,pp,30.1
2016-06-07,invymarklasexta,NA,NA,5.3,psoe,20
2016-06-07,invymarklasexta,NA,NA,5.3,upo,NA
2016-06-07,invymarklasexta,NA,NA,5.3,cs,14.4
2016-06-07,invymarklasexta,NA,NA,5.3,up,NA
2016-06-07,invymarklasexta,NA,NA,5.3,erc,2.6
2016-06-07,invymarklasexta,NA,NA,5.3,dil,1.7
2016-06-07,invymarklasexta,NA,NA,5.3,pnv,1.3
2016-06-07,invymarklasexta,NA,NA,5.3,pacma,NA
2016-06-07,invymarklasexta,NA,NA,5.3,eh,NA
2016-06-07,invymarklasexta,NA,NA,5.3,cc,NA
2016-06-07,invymarklasexta,NA,NA,5.3,upo,24.8
2016-06-07,gesopelperidico,1816,NA,3.4,pp,27.9
2016-06-07,gesopelperidico,1816,NA,3.4,psoe,21.2
2016-06-07,gesopelperidico,1816,NA,3.4,upo,NA
2016-06-07,gesopelperidico,1816,NA,3.4,cs,15.5
2016-06-07,gesopelperidico,1816,NA,3.4,up,NA
2016-06-07,gesopelperidico,1816,NA,3.4,erc,2.3
2016-06-07,gesopelperidico,1816,NA,3.4,dil,1.6
2016-06-07,gesopelperidico,1816,NA,3.4,pnv,NA
2016-06-07,gesopelperidico,1816,NA,3.4,pacma,NA
2016-06-07,gesopelperidico,1816,NA,3.4,eh,NA
2016-06-07,gesopelperidico,1816,NA,3.4,cc,NA
2016-06-07,gesopelperidico,1816,NA,3.4,upo,24.5
2016-06-07,celesteteleldiarioes,1100,65.6,5.3,pp,29.7
2016-06-07,celesteteleldiarioes,1100,65.6,5.3,psoe,22.1
2016-06-07,celesteteleldiarioes,1100,65.6,5.3,upo,NA
2016-06-07,celesteteleldiarioes,1100,65.6,5.3,cs,14.3
2016-06-07,celesteteleldiarioes,1100,65.6,5.3,up,NA
2016-06-07,celesteteleldiarioes,1100,65.6,5.3,erc,2.4
2016-06-07,celesteteleldiarioes,1100,65.6,5.3,dil,1.7
2016-06-07,celesteteleldiarioes,1100,65.6,5.3,pnv,1.2
2016-06-07,celesteteleldiarioes,1100,65.6,5.3,pacma,NA
2016-06-07,celesteteleldiarioes,1100,65.6,5.3,eh,0.9
2016-06-07,celesteteleldiarioes,1100,65.6,5.3,cc,0.3
2016-06-07,celesteteleldiarioes,1100,65.6,5.3,upo,24.4
2016-06-05,encuestamos,2000,NA,6.8,pp,30.4
2016-06-05,encuestamos,2000,NA,6.8,psoe,21.9
2016-06-05,encuestamos,2000,NA,6.8,upo,NA
2016-06-05,encuestamos,2000,NA,6.8,cs,13.6
2016-06-05,encuestamos,2000,NA,6.8,up,NA
2016-06-05,encuestamos,2000,NA,6.8,erc,2.3
2016-06-05,encuestamos,2000,NA,6.8,dil,2
2016-06-05,encuestamos,2000,NA,6.8,pnv,1.3
2016-06-05,encuestamos,2000,NA,6.8,pacma,NA
2016-06-05,encuestamos,2000,NA,6.8,eh,0.7
2016-06-05,encuestamos,2000,NA,6.8,cc,0.2
2016-06-05,encuestamos,2000,NA,6.8,upo,23.6
2016-06-03,netquestelespaol,1000,NA,3.4,pp,27.7
2016-06-03,netquestelespaol,1000,NA,3.4,psoe,21.6
2016-06-03,netquestelespaol,1000,NA,3.4,upo,NA
2016-06-03,netquestelespaol,1000,NA,3.4,cs,15.4
2016-06-03,netquestelespaol,1000,NA,3.4,up,NA
2016-06-03,netquestelespaol,1000,NA,3.4,erc,NA
2016-06-03,netquestelespaol,1000,NA,3.4,dil,NA
2016-06-03,netquestelespaol,1000,NA,3.4,pnv,NA
2016-06-03,netquestelespaol,1000,NA,3.4,pacma,NA
2016-06-03,netquestelespaol,1000,NA,3.4,eh,NA
2016-06-03,netquestelespaol,1000,NA,3.4,cc,NA
2016-06-03,netquestelespaol,1000,NA,3.4,upo,24.3
2016-06-03,ncreportlarazn,2000,63.9,6.0,pp,30.5
2016-06-03,ncreportlarazn,2000,63.9,6.0,psoe,21.4
2016-06-03,ncreportlarazn,2000,63.9,6.0,upo,NA
2016-06-03,ncreportlarazn,2000,63.9,6.0,cs,13.9
2016-06-03,ncreportlarazn,2000,63.9,6.0,up,NA
2016-06-03,ncreportlarazn,2000,63.9,6.0,erc,2.3
2016-06-03,ncreportlarazn,2000,63.9,6.0,dil,1.7
2016-06-03,ncreportlarazn,2000,63.9,6.0,pnv,1.1
2016-06-03,ncreportlarazn,2000,63.9,6.0,pacma,NA
2016-06-03,ncreportlarazn,2000,63.9,6.0,eh,0.8
2016-06-03,ncreportlarazn,2000,63.9,6.0,cc,0.3
2016-06-03,ncreportlarazn,2000,63.9,6.0,upo,24.5
2016-06-02,sigmadoselmundo,1000,NA,7.3,pp,31
2016-06-02,sigmadoselmundo,1000,NA,7.3,psoe,20.3
2016-06-02,sigmadoselmundo,1000,NA,7.3,upo,NA
2016-06-02,sigmadoselmundo,1000,NA,7.3,cs,14
2016-06-02,sigmadoselmundo,1000,NA,7.3,up,NA
2016-06-02,sigmadoselmundo,1000,NA,7.3,erc,2.6
2016-06-02,sigmadoselmundo,1000,NA,7.3,dil,2.2
2016-06-02,sigmadoselmundo,1000,NA,7.3,pnv,1.3
2016-06-02,sigmadoselmundo,1000,NA,7.3,pacma,NA
2016-06-02,sigmadoselmundo,1000,NA,7.3,eh,NA
2016-06-02,sigmadoselmundo,1000,NA,7.3,cc,NA
2016-06-02,sigmadoselmundo,1000,NA,7.3,upo,23.7
2016-06-01,jmapblico,NA,69.5,4.6,pp,28.7
2016-06-01,jmapblico,NA,69.5,4.6,psoe,21.7
2016-06-01,jmapblico,NA,69.5,4.6,upo,NA
2016-06-01,jmapblico,NA,69.5,4.6,cs,14.8
2016-06-01,jmapblico,NA,69.5,4.6,up,NA
2016-06-01,jmapblico,NA,69.5,4.6,erc,2.3
2016-06-01,jmapblico,NA,69.5,4.6,dil,2.5
2016-06-01,jmapblico,NA,69.5,4.6,pnv,1.3
2016-06-01,jmapblico,NA,69.5,4.6,pacma,NA
2016-06-01,jmapblico,NA,69.5,4.6,eh,0.9
2016-06-01,jmapblico,NA,69.5,4.6,cc,0.4
2016-06-01,jmapblico,NA,69.5,4.6,upo,24.1
2016-06-01,psoe,1000,NA,4.1,pp,27.9
2016-06-01,psoe,1000,NA,4.1,psoe,23.8
2016-06-01,psoe,1000,NA,4.1,upo,NA
2016-06-01,psoe,1000,NA,4.1,cs,14.5
2016-06-01,psoe,1000,NA,4.1,up,NA
2016-06-01,psoe,1000,NA,4.1,erc,NA
2016-06-01,psoe,1000,NA,4.1,dil,NA
2016-06-01,psoe,1000,NA,4.1,pnv,NA
2016-06-01,psoe,1000,NA,4.1,pacma,NA
2016-06-01,psoe,1000,NA,4.1,eh,NA
2016-06-01,psoe,1000,NA,4.1,cc,NA
2016-06-01,psoe,1000,NA,4.1,upo,22.4
2016-06-01,metroscopiaelpas,1200,68,2.9,pp,28.5
2016-06-01,metroscopiaelpas,1200,68,2.9,psoe,20.2
2016-06-01,metroscopiaelpas,1200,68,2.9,upo,NA
2016-06-01,metroscopiaelpas,1200,68,2.9,cs,16.6
2016-06-01,metroscopiaelpas,1200,68,2.9,up,NA
2016-06-01,metroscopiaelpas,1200,68,2.9,erc,NA
2016-06-01,metroscopiaelpas,1200,68,2.9,dil,NA
2016-06-01,metroscopiaelpas,1200,68,2.9,pnv,NA
2016-06-01,metroscopiaelpas,1200,68,2.9,pacma,NA
2016-06-01,metroscopiaelpas,1200,68,2.9,eh,NA
2016-06-01,metroscopiaelpas,1200,68,2.9,cc,NA
2016-06-01,metroscopiaelpas,1200,68,2.9,upo,25.6
2016-05-31,cdc,NA,69,NA,pp,NA
2016-05-31,cdc,NA,69,NA,psoe,NA
2016-05-31,cdc,NA,69,NA,upo,NA
2016-05-31,cdc,NA,69,NA,cs,NA
2016-05-31,cdc,NA,69,NA,up,NA
2016-05-31,cdc,NA,69,NA,erc,NA
2016-05-31,cdc,NA,69,NA,dil,NA
2016-05-31,cdc,NA,69,NA,pnv,NA
2016-05-31,cdc,NA,69,NA,pacma,NA
2016-05-31,cdc,NA,69,NA,eh,NA
2016-05-31,cdc,NA,69,NA,cc,NA
2016-05-31,cdc,NA,69,NA,upo,NA
2016-05-27,ncreportlarazn,2000,NA,5.8,pp,30.5
2016-05-27,ncreportlarazn,2000,NA,5.8,psoe,21.3
2016-05-27,ncreportlarazn,2000,NA,5.8,upo,NA
2016-05-27,ncreportlarazn,2000,NA,5.8,cs,14.2
2016-05-27,ncreportlarazn,2000,NA,5.8,up,NA
2016-05-27,ncreportlarazn,2000,NA,5.8,erc,2.2
2016-05-27,ncreportlarazn,2000,NA,5.8,dil,1.6
2016-05-27,ncreportlarazn,2000,NA,5.8,pnv,1.1
2016-05-27,ncreportlarazn,2000,NA,5.8,pacma,NA
2016-05-27,ncreportlarazn,2000,NA,5.8,eh,0.8
2016-05-27,ncreportlarazn,2000,NA,5.8,cc,0.3
2016-05-27,ncreportlarazn,2000,NA,5.8,upo,24.7
2016-05-26,gadabc,1000,70,7.1,pp,29.6
2016-05-26,gadabc,1000,70,7.1,psoe,21.6
2016-05-26,gadabc,1000,70,7.1,upo,NA
2016-05-26,gadabc,1000,70,7.1,cs,14.8
2016-05-26,gadabc,1000,70,7.1,up,NA
2016-05-26,gadabc,1000,70,7.1,erc,2.4
2016-05-26,gadabc,1000,70,7.1,dil,2.2
2016-05-26,gadabc,1000,70,7.1,pnv,1.2
2016-05-26,gadabc,1000,70,7.1,pacma,NA
2016-05-26,gadabc,1000,70,7.1,eh,0.9
2016-05-26,gadabc,1000,70,7.1,cc,0.3
2016-05-26,gadabc,1000,70,7.1,upo,22.5
2016-05-25,advicestrategiceuropapress,2500,NA,5.4,pp,29.8
2016-05-25,advicestrategiceuropapress,2500,NA,5.4,psoe,20.4
2016-05-25,advicestrategiceuropapress,2500,NA,5.4,upo,NA
2016-05-25,advicestrategiceuropapress,2500,NA,5.4,cs,14.7
2016-05-25,advicestrategiceuropapress,2500,NA,5.4,up,NA
2016-05-25,advicestrategiceuropapress,2500,NA,5.4,erc,NA
2016-05-25,advicestrategiceuropapress,2500,NA,5.4,dil,NA
2016-05-25,advicestrategiceuropapress,2500,NA,5.4,pnv,NA
2016-05-25,advicestrategiceuropapress,2500,NA,5.4,pacma,NA
2016-05-25,advicestrategiceuropapress,2500,NA,5.4,eh,NA
2016-05-25,advicestrategiceuropapress,2500,NA,5.4,cc,NA
2016-05-25,advicestrategiceuropapress,2500,NA,5.4,upo,24.4
2016-05-24,mywordcadenaser,1000,NA,4.4,pp,29.2
2016-05-24,mywordcadenaser,1000,NA,4.4,psoe,20.7
2016-05-24,mywordcadenaser,1000,NA,4.4,upo,NA
2016-05-24,mywordcadenaser,1000,NA,4.4,cs,14.2
2016-05-24,mywordcadenaser,1000,NA,4.4,up,NA
2016-05-24,mywordcadenaser,1000,NA,4.4,erc,NA
2016-05-24,mywordcadenaser,1000,NA,4.4,dil,NA
2016-05-24,mywordcadenaser,1000,NA,4.4,pnv,NA
2016-05-24,mywordcadenaser,1000,NA,4.4,pacma,NA
2016-05-24,mywordcadenaser,1000,NA,4.4,eh,NA
2016-05-24,mywordcadenaser,1000,NA,4.4,cc,NA
2016-05-24,mywordcadenaser,1000,NA,4.4,upo,24.8
2016-05-22,cis,17488,NA,3.6,pp,29.2
2016-05-22,cis,17488,NA,3.6,psoe,21.2
2016-05-22,cis,17488,NA,3.6,upo,NA
2016-05-22,cis,17488,NA,3.6,cs,14.6
2016-05-22,cis,17488,NA,3.6,up,NA
2016-05-22,cis,17488,NA,3.6,erc,2.4
2016-05-22,cis,17488,NA,3.6,dil,1.8
2016-05-22,cis,17488,NA,3.6,pnv,1.2
2016-05-22,cis,17488,NA,3.6,pacma,NA
2016-05-22,cis,17488,NA,3.6,eh,0.9
2016-05-22,cis,17488,NA,3.6,cc,0.2
2016-05-22,cis,17488,NA,3.6,upo,25.6
2016-05-22,encuestamos,2000,NA,7.1,pp,30.3
2016-05-22,encuestamos,2000,NA,7.1,psoe,22.9
2016-05-22,encuestamos,2000,NA,7.1,upo,NA
2016-05-22,encuestamos,2000,NA,7.1,cs,13.9
2016-05-22,encuestamos,2000,NA,7.1,up,NA
2016-05-22,encuestamos,2000,NA,7.1,erc,2.4
2016-05-22,encuestamos,2000,NA,7.1,dil,2.2
2016-05-22,encuestamos,2000,NA,7.1,pnv,1.1
2016-05-22,encuestamos,2000,NA,7.1,pacma,NA
2016-05-22,encuestamos,2000,NA,7.1,eh,0.6
2016-05-22,encuestamos,2000,NA,7.1,cc,0.3
2016-05-22,encuestamos,2000,NA,7.1,upo,23.2
2016-05-20,celesteteleldiarioes,1100,65,5.3,pp,29.5
2016-05-20,celesteteleldiarioes,1100,65,5.3,psoe,22
2016-05-20,celesteteleldiarioes,1100,65,5.3,upo,NA
2016-05-20,celesteteleldiarioes,1100,65,5.3,cs,14.9
2016-05-20,celesteteleldiarioes,1100,65,5.3,up,NA
2016-05-20,celesteteleldiarioes,1100,65,5.3,erc,2.3
2016-05-20,celesteteleldiarioes,1100,65,5.3,dil,1.5
2016-05-20,celesteteleldiarioes,1100,65,5.3,pnv,1.2
2016-05-20,celesteteleldiarioes,1100,65,5.3,pacma,1.1
2016-05-20,celesteteleldiarioes,1100,65,5.3,eh,0.9
2016-05-20,celesteteleldiarioes,1100,65,5.3,cc,0.3
2016-05-20,celesteteleldiarioes,1100,65,5.3,upo,24.2
2016-05-20,ncreportlarazn,2500,63.5,5.5,pp,30.4
2016-05-20,ncreportlarazn,2500,63.5,5.5,psoe,21.1
2016-05-20,ncreportlarazn,2500,63.5,5.5,upo,NA
2016-05-20,ncreportlarazn,2500,63.5,5.5,cs,14.5
2016-05-20,ncreportlarazn,2500,63.5,5.5,up,NA
2016-05-20,ncreportlarazn,2500,63.5,5.5,erc,2.3
2016-05-20,ncreportlarazn,2500,63.5,5.5,dil,1.5
2016-05-20,ncreportlarazn,2500,63.5,5.5,pnv,1.1
2016-05-20,ncreportlarazn,2500,63.5,5.5,pacma,NA
2016-05-20,ncreportlarazn,2500,63.5,5.5,eh,0.8
2016-05-20,ncreportlarazn,2500,63.5,5.5,cc,0.3
2016-05-20,ncreportlarazn,2500,63.5,5.5,upo,24.9
2016-05-18,metroscopiaelpas,1200,72,5.5,pp,28.4
2016-05-18,metroscopiaelpas,1200,72,5.5,psoe,20.1
2016-05-18,metroscopiaelpas,1200,72,5.5,upo,NA
2016-05-18,metroscopiaelpas,1200,72,5.5,cs,16.4
2016-05-18,metroscopiaelpas,1200,72,5.5,up,NA
2016-05-18,metroscopiaelpas,1200,72,5.5,erc,NA
2016-05-18,metroscopiaelpas,1200,72,5.5,dil,NA
2016-05-18,metroscopiaelpas,1200,72,5.5,pnv,NA
2016-05-18,metroscopiaelpas,1200,72,5.5,pacma,NA
2016-05-18,metroscopiaelpas,1200,72,5.5,eh,NA
2016-05-18,metroscopiaelpas,1200,72,5.5,cc,NA
2016-05-18,metroscopiaelpas,1200,72,5.5,upo,22.9
2016-05-18,metroscopiaelpas,1200,68,6.7,pp,29.9
2016-05-18,metroscopiaelpas,1200,68,6.7,psoe,20.2
2016-05-18,metroscopiaelpas,1200,68,6.7,upo,NA
2016-05-18,metroscopiaelpas,1200,68,6.7,cs,15.5
2016-05-18,metroscopiaelpas,1200,68,6.7,up,NA
2016-05-18,metroscopiaelpas,1200,68,6.7,erc,NA
2016-05-18,metroscopiaelpas,1200,68,6.7,dil,NA
2016-05-18,metroscopiaelpas,1200,68,6.7,pnv,NA
2016-05-18,metroscopiaelpas,1200,68,6.7,pacma,NA
2016-05-18,metroscopiaelpas,1200,68,6.7,eh,NA
2016-05-18,metroscopiaelpas,1200,68,6.7,cc,NA
2016-05-18,metroscopiaelpas,1200,68,6.7,upo,23.2
2016-05-18,metroscopiaelpas,1200,63,7.8,pp,31.5
2016-05-18,metroscopiaelpas,1200,63,7.8,psoe,21.1
2016-05-18,metroscopiaelpas,1200,63,7.8,upo,NA
2016-05-18,metroscopiaelpas,1200,63,7.8,cs,13.3
2016-05-18,metroscopiaelpas,1200,63,7.8,up,NA
2016-05-18,metroscopiaelpas,1200,63,7.8,erc,NA
2016-05-18,metroscopiaelpas,1200,63,7.8,dil,NA
2016-05-18,metroscopiaelpas,1200,63,7.8,pnv,NA
2016-05-18,metroscopiaelpas,1200,63,7.8,pacma,NA
2016-05-18,metroscopiaelpas,1200,63,7.8,eh,NA
2016-05-18,metroscopiaelpas,1200,63,7.8,cc,NA
2016-05-18,metroscopiaelpas,1200,63,7.8,upo,23.7
2016-05-18,gipeyop,2940,NA,5.0,pp,29.3
2016-05-18,gipeyop,2940,NA,5.0,psoe,21.9
2016-05-18,gipeyop,2940,NA,5.0,upo,NA
2016-05-18,gipeyop,2940,NA,5.0,cs,13.3
2016-05-18,gipeyop,2940,NA,5.0,up,NA
2016-05-18,gipeyop,2940,NA,5.0,erc,2.5
2016-05-18,gipeyop,2940,NA,5.0,dil,2.1
2016-05-18,gipeyop,2940,NA,5.0,pnv,1.2
2016-05-18,gipeyop,2940,NA,5.0,pacma,NA
2016-05-18,gipeyop,2940,NA,5.0,eh,0.8
2016-05-18,gipeyop,2940,NA,5.0,cc,0.3
2016-05-18,gipeyop,2940,NA,5.0,upo,24.3
2016-05-17,redondoasociadostiempo,1000,70.1,5.1,pp,29.4
2016-05-17,redondoasociadostiempo,1000,70.1,5.1,psoe,21.2
2016-05-17,redondoasociadostiempo,1000,70.1,5.1,upo,NA
2016-05-17,redondoasociadostiempo,1000,70.1,5.1,cs,15.1
2016-05-17,redondoasociadostiempo,1000,70.1,5.1,up,NA
2016-05-17,redondoasociadostiempo,1000,70.1,5.1,erc,2.2
2016-05-17,redondoasociadostiempo,1000,70.1,5.1,dil,1.5
2016-05-17,redondoasociadostiempo,1000,70.1,5.1,pnv,1.1
2016-05-17,redondoasociadostiempo,1000,70.1,5.1,pacma,NA
2016-05-17,redondoasociadostiempo,1000,70.1,5.1,eh,0.9
2016-05-17,redondoasociadostiempo,1000,70.1,5.1,cc,0.3
2016-05-17,redondoasociadostiempo,1000,70.1,5.1,upo,24.3
2016-05-13,jmapblico,NA,69.2,3.3,pp,27.8
2016-05-13,jmapblico,NA,69.2,3.3,psoe,20.3
2016-05-13,jmapblico,NA,69.2,3.3,upo,NA
2016-05-13,jmapblico,NA,69.2,3.3,cs,16.6
2016-05-13,jmapblico,NA,69.2,3.3,up,NA
2016-05-13,jmapblico,NA,69.2,3.3,erc,2.3
2016-05-13,jmapblico,NA,69.2,3.3,dil,2.3
2016-05-13,jmapblico,NA,69.2,3.3,pnv,1.3
2016-05-13,jmapblico,NA,69.2,3.3,pacma,NA
2016-05-13,jmapblico,NA,69.2,3.3,eh,0.9
2016-05-13,jmapblico,NA,69.2,3.3,cc,0.3
2016-05-13,jmapblico,NA,69.2,3.3,upo,24.5
2016-05-13,netquestelespaol,1000,NA,7.1,pp,30.8
2016-05-13,netquestelespaol,1000,NA,7.1,psoe,19.7
2016-05-13,netquestelespaol,1000,NA,7.1,upo,NA
2016-05-13,netquestelespaol,1000,NA,7.1,cs,14.7
2016-05-13,netquestelespaol,1000,NA,7.1,up,NA
2016-05-13,netquestelespaol,1000,NA,7.1,erc,NA
2016-05-13,netquestelespaol,1000,NA,7.1,dil,NA
2016-05-13,netquestelespaol,1000,NA,7.1,pnv,NA
2016-05-13,netquestelespaol,1000,NA,7.1,pacma,NA
2016-05-13,netquestelespaol,1000,NA,7.1,eh,NA
2016-05-13,netquestelespaol,1000,NA,7.1,cc,NA
2016-05-13,netquestelespaol,1000,NA,7.1,upo,23.7
2016-05-13,invymarklasexta,NA,NA,5.4,pp,29.6
2016-05-13,invymarklasexta,NA,NA,5.4,psoe,20.1
2016-05-13,invymarklasexta,NA,NA,5.4,upo,NA
2016-05-13,invymarklasexta,NA,NA,5.4,cs,15.1
2016-05-13,invymarklasexta,NA,NA,5.4,up,NA
2016-05-13,invymarklasexta,NA,NA,5.4,erc,NA
2016-05-13,invymarklasexta,NA,NA,5.4,dil,NA
2016-05-13,invymarklasexta,NA,NA,5.4,pnv,NA
2016-05-13,invymarklasexta,NA,NA,5.4,pacma,NA
2016-05-13,invymarklasexta,NA,NA,5.4,eh,NA
2016-05-13,invymarklasexta,NA,NA,5.4,cc,NA
2016-05-13,invymarklasexta,NA,NA,5.4,upo,24.2
2016-05-12,ncreportlarazn,1500,NA,5.3,pp,30.2
2016-05-12,ncreportlarazn,1500,NA,5.3,psoe,21
2016-05-12,ncreportlarazn,1500,NA,5.3,upo,NA
2016-05-12,ncreportlarazn,1500,NA,5.3,cs,14.7
2016-05-12,ncreportlarazn,1500,NA,5.3,up,NA
2016-05-12,ncreportlarazn,1500,NA,5.3,erc,2.2
2016-05-12,ncreportlarazn,1500,NA,5.3,dil,1.5
2016-05-12,ncreportlarazn,1500,NA,5.3,pnv,1.1
2016-05-12,ncreportlarazn,1500,NA,5.3,pacma,NA
2016-05-12,ncreportlarazn,1500,NA,5.3,eh,0.9
2016-05-12,ncreportlarazn,1500,NA,5.3,cc,0.3
2016-05-12,ncreportlarazn,1500,NA,5.3,upo,24.9
2016-05-10,simplelgica,1035,71.7,8.4,pp,29.9
2016-05-10,simplelgica,1035,71.7,8.4,psoe,21.5
2016-05-10,simplelgica,1035,71.7,8.4,upo,14.2
2016-05-10,simplelgica,1035,71.7,8.4,cs,17.7
2016-05-10,simplelgica,1035,71.7,8.4,up,7.9
2016-05-10,simplelgica,1035,71.7,8.4,erc,NA
2016-05-10,simplelgica,1035,71.7,8.4,dil,NA
2016-05-10,simplelgica,1035,71.7,8.4,pnv,NA
2016-05-10,simplelgica,1035,71.7,8.4,pacma,NA
2016-05-10,simplelgica,1035,71.7,8.4,eh,NA
2016-05-10,simplelgica,1035,71.7,8.4,cc,NA
2016-05-10,simplelgica,1035,71.7,8.4,upo,NA
2016-05-07,ncreportlarazn,2000,63.6,5.5,pp,30.2
2016-05-07,ncreportlarazn,2000,63.6,5.5,psoe,20.8
2016-05-07,ncreportlarazn,2000,63.6,5.5,upo,NA
2016-05-07,ncreportlarazn,2000,63.6,5.5,cs,15
2016-05-07,ncreportlarazn,2000,63.6,5.5,up,NA
2016-05-07,ncreportlarazn,2000,63.6,5.5,erc,2.1
2016-05-07,ncreportlarazn,2000,63.6,5.5,dil,1.5
2016-05-07,ncreportlarazn,2000,63.6,5.5,pnv,1.2
2016-05-07,ncreportlarazn,2000,63.6,5.5,pacma,NA
2016-05-07,ncreportlarazn,2000,63.6,5.5,eh,0.8
2016-05-07,ncreportlarazn,2000,63.6,5.5,cc,0.3
2016-05-07,ncreportlarazn,2000,63.6,5.5,upo,24.7
2016-05-06,celesteteleldiarioes,1100,64.5,5.0,pp,29.2
2016-05-06,celesteteleldiarioes,1100,64.5,5.0,psoe,22.4
2016-05-06,celesteteleldiarioes,1100,64.5,5.0,upo,NA
2016-05-06,celesteteleldiarioes,1100,64.5,5.0,cs,15.5
2016-05-06,celesteteleldiarioes,1100,64.5,5.0,up,NA
2016-05-06,celesteteleldiarioes,1100,64.5,5.0,erc,2.4
2016-05-06,celesteteleldiarioes,1100,64.5,5.0,dil,1.5
2016-05-06,celesteteleldiarioes,1100,64.5,5.0,pnv,1.2
2016-05-06,celesteteleldiarioes,1100,64.5,5.0,pacma,NA
2016-05-06,celesteteleldiarioes,1100,64.5,5.0,eh,0.9
2016-05-06,celesteteleldiarioes,1100,64.5,5.0,cc,0.3
2016-05-06,celesteteleldiarioes,1100,64.5,5.0,upo,24.2
2016-05-06,celesteteleldiarioes,1100,64.5,7.2,pp,29.1
2016-05-06,celesteteleldiarioes,1100,64.5,7.2,psoe,21.9
2016-05-06,celesteteleldiarioes,1100,64.5,7.2,upo,19.8
2016-05-06,celesteteleldiarioes,1100,64.5,7.2,cs,15.4
2016-05-06,celesteteleldiarioes,1100,64.5,7.2,up,5.3
2016-05-06,celesteteleldiarioes,1100,64.5,7.2,erc,2.4
2016-05-06,celesteteleldiarioes,1100,64.5,7.2,dil,1.5
2016-05-06,celesteteleldiarioes,1100,64.5,7.2,pnv,1.2
2016-05-06,celesteteleldiarioes,1100,64.5,7.2,pacma,0.9
2016-05-06,celesteteleldiarioes,1100,64.5,7.2,eh,0.9
2016-05-06,celesteteleldiarioes,1100,64.5,7.2,cc,0.3
2016-05-06,celesteteleldiarioes,1100,64.5,7.2,upo,NA
2016-05-02,encuestamos,1800,NA,7.2,pp,30
2016-05-02,encuestamos,1800,NA,7.2,psoe,22.8
2016-05-02,encuestamos,1800,NA,7.2,upo,19.1
2016-05-02,encuestamos,1800,NA,7.2,cs,14.1
2016-05-02,encuestamos,1800,NA,7.2,up,4.8
2016-05-02,encuestamos,1800,NA,7.2,erc,2.4
2016-05-02,encuestamos,1800,NA,7.2,dil,2.3
2016-05-02,encuestamos,1800,NA,7.2,pnv,1.2
2016-05-02,encuestamos,1800,NA,7.2,pacma,NA
2016-05-02,encuestamos,1800,NA,7.2,eh,0.6
2016-05-02,encuestamos,1800,NA,7.2,cc,0.3
2016-05-02,encuestamos,1800,NA,7.2,upo,NA
2016-04-30,ncreportlarazn,2000,63.9,9.0,pp,29.9
2016-04-30,ncreportlarazn,2000,63.9,9.0,psoe,20.4
2016-04-30,ncreportlarazn,2000,63.9,9.0,upo,20.9
2016-04-30,ncreportlarazn,2000,63.9,9.0,cs,15
2016-04-30,ncreportlarazn,2000,63.9,9.0,up,5
2016-04-30,ncreportlarazn,2000,63.9,9.0,erc,NA
2016-04-30,ncreportlarazn,2000,63.9,9.0,dil,NA
2016-04-30,ncreportlarazn,2000,63.9,9.0,pnv,NA
2016-04-30,ncreportlarazn,2000,63.9,9.0,pacma,NA
2016-04-30,ncreportlarazn,2000,63.9,9.0,eh,NA
2016-04-30,ncreportlarazn,2000,63.9,9.0,cc,NA
2016-04-30,ncreportlarazn,2000,63.9,9.0,upo,NA
2016-04-29,gadabc,800,69,6.7,pp,29.3
2016-04-29,gadabc,800,69,6.7,psoe,22.6
2016-04-29,gadabc,800,69,6.7,upo,17
2016-04-29,gadabc,800,69,6.7,cs,13.9
2016-04-29,gadabc,800,69,6.7,up,5.3
2016-04-29,gadabc,800,69,6.7,erc,2.1
2016-04-29,gadabc,800,69,6.7,dil,1.8
2016-04-29,gadabc,800,69,6.7,pnv,1.3
2016-04-29,gadabc,800,69,6.7,pacma,NA
2016-04-29,gadabc,800,69,6.7,eh,0.9
2016-04-29,gadabc,800,69,6.7,cc,0.4
2016-04-29,gadabc,800,69,6.7,upo,NA
2016-04-29,invymarklasexta,1200,NA,8.0,pp,28.7
2016-04-29,invymarklasexta,1200,NA,8.0,psoe,19.4
2016-04-29,invymarklasexta,1200,NA,8.0,upo,20.7
2016-04-29,invymarklasexta,1200,NA,8.0,cs,15.4
2016-04-29,invymarklasexta,1200,NA,8.0,up,4.8
2016-04-29,invymarklasexta,1200,NA,8.0,erc,NA
2016-04-29,invymarklasexta,1200,NA,8.0,dil,NA
2016-04-29,invymarklasexta,1200,NA,8.0,pnv,NA
2016-04-29,invymarklasexta,1200,NA,8.0,pacma,NA
2016-04-29,invymarklasexta,1200,NA,8.0,eh,NA
2016-04-29,invymarklasexta,1200,NA,8.0,cc,NA
2016-04-29,invymarklasexta,1200,NA,8.0,upo,NA
2016-04-28,metroscopiaelpas,1200,70,8.7,pp,29
2016-04-28,metroscopiaelpas,1200,70,8.7,psoe,20.3
2016-04-28,metroscopiaelpas,1200,70,8.7,upo,18.1
2016-04-28,metroscopiaelpas,1200,70,8.7,cs,16.9
2016-04-28,metroscopiaelpas,1200,70,8.7,up,6.6
2016-04-28,metroscopiaelpas,1200,70,8.7,erc,NA
2016-04-28,metroscopiaelpas,1200,70,8.7,dil,NA
2016-04-28,metroscopiaelpas,1200,70,8.7,pnv,NA
2016-04-28,metroscopiaelpas,1200,70,8.7,pacma,NA
2016-04-28,metroscopiaelpas,1200,70,8.7,eh,NA
2016-04-28,metroscopiaelpas,1200,70,8.7,cc,NA
2016-04-28,metroscopiaelpas,1200,70,8.7,upo,NA
2016-04-23,ncreportlarazn,2000,63.9,8.7,pp,29.9
2016-04-23,ncreportlarazn,2000,63.9,8.7,psoe,20.5
2016-04-23,ncreportlarazn,2000,63.9,8.7,upo,21.2
2016-04-23,ncreportlarazn,2000,63.9,8.7,cs,15.2
2016-04-23,ncreportlarazn,2000,63.9,8.7,up,4.6
2016-04-23,ncreportlarazn,2000,63.9,8.7,erc,NA
2016-04-23,ncreportlarazn,2000,63.9,8.7,dil,NA
2016-04-23,ncreportlarazn,2000,63.9,8.7,pnv,NA
2016-04-23,ncreportlarazn,2000,63.9,8.7,pacma,NA
2016-04-23,ncreportlarazn,2000,63.9,8.7,eh,NA
2016-04-23,ncreportlarazn,2000,63.9,8.7,cc,NA
2016-04-23,ncreportlarazn,2000,63.9,8.7,upo,NA
2016-04-22,netquestelespaol,1000,NA,7.1,pp,27.3
2016-04-22,netquestelespaol,1000,NA,7.1,psoe,20.2
2016-04-22,netquestelespaol,1000,NA,7.1,upo,18.7
2016-04-22,netquestelespaol,1000,NA,7.1,cs,17
2016-04-22,netquestelespaol,1000,NA,7.1,up,5.8
2016-04-22,netquestelespaol,1000,NA,7.1,erc,NA
2016-04-22,netquestelespaol,1000,NA,7.1,dil,NA
2016-04-22,netquestelespaol,1000,NA,7.1,pnv,NA
2016-04-22,netquestelespaol,1000,NA,7.1,pacma,NA
2016-04-22,netquestelespaol,1000,NA,7.1,eh,NA
2016-04-22,netquestelespaol,1000,NA,7.1,cc,NA
2016-04-22,netquestelespaol,1000,NA,7.1,upo,NA
2016-04-22,sigmadoselmundo,800,NA,7.3,pp,29.5
2016-04-22,sigmadoselmundo,800,NA,7.3,psoe,22.2
2016-04-22,sigmadoselmundo,800,NA,7.3,upo,18.6
2016-04-22,sigmadoselmundo,800,NA,7.3,cs,14.7
2016-04-22,sigmadoselmundo,800,NA,7.3,up,4.5
2016-04-22,sigmadoselmundo,800,NA,7.3,erc,2.6
2016-04-22,sigmadoselmundo,800,NA,7.3,dil,1.9
2016-04-22,sigmadoselmundo,800,NA,7.3,pnv,1.1
2016-04-22,sigmadoselmundo,800,NA,7.3,pacma,NA
2016-04-22,sigmadoselmundo,800,NA,7.3,eh,NA
2016-04-22,sigmadoselmundo,800,NA,7.3,cc,NA
2016-04-22,sigmadoselmundo,800,NA,7.3,upo,NA
2016-04-20,encuestamos,2000,NA,7.3,pp,30.3
2016-04-20,encuestamos,2000,NA,7.3,psoe,23
2016-04-20,encuestamos,2000,NA,7.3,upo,19.4
2016-04-20,encuestamos,2000,NA,7.3,cs,14.2
2016-04-20,encuestamos,2000,NA,7.3,up,4.4
2016-04-20,encuestamos,2000,NA,7.3,erc,2.6
2016-04-20,encuestamos,2000,NA,7.3,dil,2.2
2016-04-20,encuestamos,2000,NA,7.3,pnv,1.1
2016-04-20,encuestamos,2000,NA,7.3,pacma,NA
2016-04-20,encuestamos,2000,NA,7.3,eh,0.6
2016-04-20,encuestamos,2000,NA,7.3,cc,0.3
2016-04-20,encuestamos,2000,NA,7.3,upo,NA
2016-04-16,ncreportlarazn,2400,64.2,8.9,pp,29.8
2016-04-16,ncreportlarazn,2400,64.2,8.9,psoe,20.7
2016-04-16,ncreportlarazn,2400,64.2,8.9,upo,20.9
2016-04-16,ncreportlarazn,2400,64.2,8.9,cs,15.4
2016-04-16,ncreportlarazn,2400,64.2,8.9,up,4.5
2016-04-16,ncreportlarazn,2400,64.2,8.9,erc,2.2
2016-04-16,ncreportlarazn,2400,64.2,8.9,dil,1.5
2016-04-16,ncreportlarazn,2400,64.2,8.9,pnv,1.2
2016-04-16,ncreportlarazn,2400,64.2,8.9,pacma,NA
2016-04-16,ncreportlarazn,2400,64.2,8.9,eh,0.7
2016-04-16,ncreportlarazn,2400,64.2,8.9,cc,0.3
2016-04-16,ncreportlarazn,2400,64.2,8.9,upo,NA
2016-04-15,invymarklasexta,NA,NA,8.2,pp,28.6
2016-04-15,invymarklasexta,NA,NA,8.2,psoe,20.4
2016-04-15,invymarklasexta,NA,NA,8.2,upo,19.2
2016-04-15,invymarklasexta,NA,NA,8.2,cs,15.8
2016-04-15,invymarklasexta,NA,NA,8.2,up,5.4
2016-04-15,invymarklasexta,NA,NA,8.2,erc,NA
2016-04-15,invymarklasexta,NA,NA,8.2,dil,NA
2016-04-15,invymarklasexta,NA,NA,8.2,pnv,NA
2016-04-15,invymarklasexta,NA,NA,8.2,pacma,NA
2016-04-15,invymarklasexta,NA,NA,8.2,eh,NA
2016-04-15,invymarklasexta,NA,NA,8.2,cc,NA
2016-04-15,invymarklasexta,NA,NA,8.2,upo,NA
2016-04-14,tnsdemoscopia,1000,68,7.1,pp,29.4
2016-04-14,tnsdemoscopia,1000,68,7.1,psoe,22.3
2016-04-14,tnsdemoscopia,1000,68,7.1,upo,17.5
2016-04-14,tnsdemoscopia,1000,68,7.1,cs,15.8
2016-04-14,tnsdemoscopia,1000,68,7.1,up,6
2016-04-14,tnsdemoscopia,1000,68,7.1,erc,NA
2016-04-14,tnsdemoscopia,1000,68,7.1,dil,NA
2016-04-14,tnsdemoscopia,1000,68,7.1,pnv,NA
2016-04-14,tnsdemoscopia,1000,68,7.1,pacma,NA
2016-04-14,tnsdemoscopia,1000,68,7.1,eh,NA
2016-04-14,tnsdemoscopia,1000,68,7.1,cc,NA
2016-04-14,tnsdemoscopia,1000,68,7.1,upo,NA
2016-04-14,ncreport,955,NA,8.8,pp,30.7
2016-04-14,ncreport,955,NA,8.8,psoe,21.2
2016-04-14,ncreport,955,NA,8.8,upo,21.9
2016-04-14,ncreport,955,NA,8.8,cs,14.5
2016-04-14,ncreport,955,NA,8.8,up,4.9
2016-04-14,ncreport,955,NA,8.8,erc,NA
2016-04-14,ncreport,955,NA,8.8,dil,NA
2016-04-14,ncreport,955,NA,8.8,pnv,NA
2016-04-14,ncreport,955,NA,8.8,pacma,NA
2016-04-14,ncreport,955,NA,8.8,eh,NA
2016-04-14,ncreport,955,NA,8.8,cc,NA
2016-04-14,ncreport,955,NA,8.8,upo,NA
2016-04-13,jmapblico,NA,66.9,7.0,pp,27.9
2016-04-13,jmapblico,NA,66.9,7.0,psoe,19.8
2016-04-13,jmapblico,NA,66.9,7.0,upo,20.9
2016-04-13,jmapblico,NA,66.9,7.0,cs,17
2016-04-13,jmapblico,NA,66.9,7.0,up,3.6
2016-04-13,jmapblico,NA,66.9,7.0,erc,2.4
2016-04-13,jmapblico,NA,66.9,7.0,dil,2.4
2016-04-13,jmapblico,NA,66.9,7.0,pnv,1.3
2016-04-13,jmapblico,NA,66.9,7.0,pacma,NA
2016-04-13,jmapblico,NA,66.9,7.0,eh,0.9
2016-04-13,jmapblico,NA,66.9,7.0,cc,0.4
2016-04-13,jmapblico,NA,66.9,7.0,upo,NA
2016-04-12,simplelgica,1047,73.8,7.7,pp,28.3
2016-04-12,simplelgica,1047,73.8,7.7,psoe,20.6
2016-04-12,simplelgica,1047,73.8,7.7,upo,16.9
2016-04-12,simplelgica,1047,73.8,7.7,cs,17.7
2016-04-12,simplelgica,1047,73.8,7.7,up,6.9
2016-04-12,simplelgica,1047,73.8,7.7,erc,NA
2016-04-12,simplelgica,1047,73.8,7.7,dil,NA
2016-04-12,simplelgica,1047,73.8,7.7,pnv,NA
2016-04-12,simplelgica,1047,73.8,7.7,pacma,NA
2016-04-12,simplelgica,1047,73.8,7.7,eh,NA
2016-04-12,simplelgica,1047,73.8,7.7,cc,NA
2016-04-12,simplelgica,1047,73.8,7.7,upo,NA
2016-04-10,imopllorentecuenca,1027,69,6.6,pp,28.8
2016-04-10,imopllorentecuenca,1027,69,6.6,psoe,22.2
2016-04-10,imopllorentecuenca,1027,69,6.6,upo,15.6
2016-04-10,imopllorentecuenca,1027,69,6.6,cs,16.6
2016-04-10,imopllorentecuenca,1027,69,6.6,up,7.5
2016-04-10,imopllorentecuenca,1027,69,6.6,erc,2.2
2016-04-10,imopllorentecuenca,1027,69,6.6,dil,1.7
2016-04-10,imopllorentecuenca,1027,69,6.6,pnv,1.1
2016-04-10,imopllorentecuenca,1027,69,6.6,pacma,NA
2016-04-10,imopllorentecuenca,1027,69,6.6,eh,0.7
2016-04-10,imopllorentecuenca,1027,69,6.6,cc,NA
2016-04-10,imopllorentecuenca,1027,69,6.6,upo,NA
2016-04-10,advicestrategiceuropapress,2500,NA,7.4,pp,29.1
2016-04-10,advicestrategiceuropapress,2500,NA,7.4,psoe,21.7
2016-04-10,advicestrategiceuropapress,2500,NA,7.4,upo,17.4
2016-04-10,advicestrategiceuropapress,2500,NA,7.4,cs,16
2016-04-10,advicestrategiceuropapress,2500,NA,7.4,up,5.5
2016-04-10,advicestrategiceuropapress,2500,NA,7.4,erc,2.3
2016-04-10,advicestrategiceuropapress,2500,NA,7.4,dil,2
2016-04-10,advicestrategiceuropapress,2500,NA,7.4,pnv,1.2
2016-04-10,advicestrategiceuropapress,2500,NA,7.4,pacma,NA
2016-04-10,advicestrategiceuropapress,2500,NA,7.4,eh,NA
2016-04-10,advicestrategiceuropapress,2500,NA,7.4,cc,NA
2016-04-10,advicestrategiceuropapress,2500,NA,7.4,upo,NA
2016-04-10,cis,2490,NA,5.8,pp,27.4
2016-04-10,cis,2490,NA,5.8,psoe,21.6
2016-04-10,cis,2490,NA,5.8,upo,17.7
2016-04-10,cis,2490,NA,5.8,cs,15.6
2016-04-10,cis,2490,NA,5.8,up,5.4
2016-04-10,cis,2490,NA,5.8,erc,2.5
2016-04-10,cis,2490,NA,5.8,dil,1.9
2016-04-10,cis,2490,NA,5.8,pnv,1
2016-04-10,cis,2490,NA,5.8,pacma,NA
2016-04-10,cis,2490,NA,5.8,eh,0.7
2016-04-10,cis,2490,NA,5.8,cc,0.4
2016-04-10,cis,2490,NA,5.8,upo,NA
2016-04-09,ncreportlarazn,2300,NA,8.6,pp,29.6
2016-04-09,ncreportlarazn,2300,NA,8.6,psoe,21
2016-04-09,ncreportlarazn,2300,NA,8.6,upo,20.4
2016-04-09,ncreportlarazn,2300,NA,8.6,cs,15.5
2016-04-09,ncreportlarazn,2300,NA,8.6,up,4.4
2016-04-09,ncreportlarazn,2300,NA,8.6,erc,2.3
2016-04-09,ncreportlarazn,2300,NA,8.6,dil,1.5
2016-04-09,ncreportlarazn,2300,NA,8.6,pnv,1.3
2016-04-09,ncreportlarazn,2300,NA,8.6,pacma,NA
2016-04-09,ncreportlarazn,2300,NA,8.6,eh,0.7
2016-04-09,ncreportlarazn,2300,NA,8.6,cc,0.3
2016-04-09,ncreportlarazn,2300,NA,8.6,upo,NA
2016-04-07,gadabc,800,68,5.9,pp,29.2
2016-04-07,gadabc,800,68,5.9,psoe,23.3
2016-04-07,gadabc,800,68,5.9,upo,15.5
2016-04-07,gadabc,800,68,5.9,cs,14.4
2016-04-07,gadabc,800,68,5.9,up,6.7
2016-04-07,gadabc,800,68,5.9,erc,2.3
2016-04-07,gadabc,800,68,5.9,dil,2
2016-04-07,gadabc,800,68,5.9,pnv,1.1
2016-04-07,gadabc,800,68,5.9,pacma,NA
2016-04-07,gadabc,800,68,5.9,eh,0.8
2016-04-07,gadabc,800,68,5.9,cc,0.2
2016-04-07,gadabc,800,68,5.9,upo,NA
2016-04-06,metroscopia,1200,70,8.9,pp,29
2016-04-06,metroscopia,1200,70,8.9,psoe,20.1
2016-04-06,metroscopia,1200,70,8.9,upo,17
2016-04-06,metroscopia,1200,70,8.9,cs,17.7
2016-04-06,metroscopia,1200,70,8.9,up,6.7
2016-04-06,metroscopia,1200,70,8.9,erc,NA
2016-04-06,metroscopia,1200,70,8.9,dil,NA
2016-04-06,metroscopia,1200,70,8.9,pnv,NA
2016-04-06,metroscopia,1200,70,8.9,pacma,NA
2016-04-06,metroscopia,1200,70,8.9,eh,NA
2016-04-06,metroscopia,1200,70,8.9,cc,NA
2016-04-06,metroscopia,1200,70,8.9,upo,NA
2016-04-06,dymelconfidencial,1036,NA,8.5,pp,29.2
2016-04-06,dymelconfidencial,1036,NA,8.5,psoe,20.7
2016-04-06,dymelconfidencial,1036,NA,8.5,upo,19.6
2016-04-06,dymelconfidencial,1036,NA,8.5,cs,15.2
2016-04-06,dymelconfidencial,1036,NA,8.5,up,5.9
2016-04-06,dymelconfidencial,1036,NA,8.5,erc,NA
2016-04-06,dymelconfidencial,1036,NA,8.5,dil,NA
2016-04-06,dymelconfidencial,1036,NA,8.5,pnv,NA
2016-04-06,dymelconfidencial,1036,NA,8.5,pacma,NA
2016-04-06,dymelconfidencial,1036,NA,8.5,eh,NA
2016-04-06,dymelconfidencial,1036,NA,8.5,cc,NA
2016-04-06,dymelconfidencial,1036,NA,8.5,upo,NA
2016-04-05,celesteteleldiarioes,1100,64.9,6.9,pp,29.1
2016-04-05,celesteteleldiarioes,1100,64.9,6.9,psoe,22.2
2016-04-05,celesteteleldiarioes,1100,64.9,6.9,upo,19.4
2016-04-05,celesteteleldiarioes,1100,64.9,6.9,cs,15.9
2016-04-05,celesteteleldiarioes,1100,64.9,6.9,up,4.5
2016-04-05,celesteteleldiarioes,1100,64.9,6.9,erc,2.7
2016-04-05,celesteteleldiarioes,1100,64.9,6.9,dil,1.8
2016-04-05,celesteteleldiarioes,1100,64.9,6.9,pnv,1.1
2016-04-05,celesteteleldiarioes,1100,64.9,6.9,pacma,NA
2016-04-05,celesteteleldiarioes,1100,64.9,6.9,eh,0.7
2016-04-05,celesteteleldiarioes,1100,64.9,6.9,cc,0.3
2016-04-05,celesteteleldiarioes,1100,64.9,6.9,upo,NA
2016-04-05,estudiodesociologaconsultores,2300,NA,4.5,pp,29.2
2016-04-05,estudiodesociologaconsultores,2300,NA,4.5,psoe,23.7
2016-04-05,estudiodesociologaconsultores,2300,NA,4.5,upo,17.5
2016-04-05,estudiodesociologaconsultores,2300,NA,4.5,cs,16.1
2016-04-05,estudiodesociologaconsultores,2300,NA,4.5,up,4.6
2016-04-05,estudiodesociologaconsultores,2300,NA,4.5,erc,3
2016-04-05,estudiodesociologaconsultores,2300,NA,4.5,dil,1.7
2016-04-05,estudiodesociologaconsultores,2300,NA,4.5,pnv,NA
2016-04-05,estudiodesociologaconsultores,2300,NA,4.5,pacma,NA
2016-04-05,estudiodesociologaconsultores,2300,NA,4.5,eh,NA
2016-04-05,estudiodesociologaconsultores,2300,NA,4.5,cc,NA
2016-04-05,estudiodesociologaconsultores,2300,NA,4.5,upo,NA
2016-04-04,redondoasociadostiempo,1000,69.7,7.3,pp,29.1
2016-04-04,redondoasociadostiempo,1000,69.7,7.3,psoe,21.8
2016-04-04,redondoasociadostiempo,1000,69.7,7.3,upo,19.1
2016-04-04,redondoasociadostiempo,1000,69.7,7.3,cs,15.7
2016-04-04,redondoasociadostiempo,1000,69.7,7.3,up,4.9
2016-04-04,redondoasociadostiempo,1000,69.7,7.3,erc,2.4
2016-04-04,redondoasociadostiempo,1000,69.7,7.3,dil,1.7
2016-04-04,redondoasociadostiempo,1000,69.7,7.3,pnv,1.3
2016-04-04,redondoasociadostiempo,1000,69.7,7.3,pacma,NA
2016-04-04,redondoasociadostiempo,1000,69.7,7.3,eh,0.7
2016-04-04,redondoasociadostiempo,1000,69.7,7.3,cc,0.3
2016-04-04,redondoasociadostiempo,1000,69.7,7.3,upo,NA
2016-04-02,ncreportlarazn,1800,NA,7.6,pp,29.4
2016-04-02,ncreportlarazn,1800,NA,7.6,psoe,21.8
2016-04-02,ncreportlarazn,1800,NA,7.6,upo,19.2
2016-04-02,ncreportlarazn,1800,NA,7.6,cs,15.5
2016-04-02,ncreportlarazn,1800,NA,7.6,up,4.6
2016-04-02,ncreportlarazn,1800,NA,7.6,erc,2.4
2016-04-02,ncreportlarazn,1800,NA,7.6,dil,1.6
2016-04-02,ncreportlarazn,1800,NA,7.6,pnv,1.3
2016-04-02,ncreportlarazn,1800,NA,7.6,pacma,NA
2016-04-02,ncreportlarazn,1800,NA,7.6,eh,0.7
2016-04-02,ncreportlarazn,1800,NA,7.6,cc,0.3
2016-04-02,ncreportlarazn,1800,NA,7.6,upo,NA
2016-04-01,invymarklasexta,1200,NA,7.0,pp,28.6
2016-04-01,invymarklasexta,1200,NA,7.0,psoe,21.6
2016-04-01,invymarklasexta,1200,NA,7.0,upo,19.9
2016-04-01,invymarklasexta,1200,NA,7.0,cs,15.2
2016-04-01,invymarklasexta,1200,NA,7.0,up,4.1
2016-04-01,invymarklasexta,1200,NA,7.0,erc,NA
2016-04-01,invymarklasexta,1200,NA,7.0,dil,NA
2016-04-01,invymarklasexta,1200,NA,7.0,pnv,NA
2016-04-01,invymarklasexta,1200,NA,7.0,pacma,NA
2016-04-01,invymarklasexta,1200,NA,7.0,eh,NA
2016-04-01,invymarklasexta,1200,NA,7.0,cc,NA
2016-04-01,invymarklasexta,1200,NA,7.0,upo,NA
2016-03-31,sigmadoselmundo,800,NA,8.2,pp,30.2
2016-03-31,sigmadoselmundo,800,NA,8.2,psoe,22
2016-03-31,sigmadoselmundo,800,NA,8.2,upo,16.7
2016-03-31,sigmadoselmundo,800,NA,8.2,cs,16.2
2016-03-31,sigmadoselmundo,800,NA,8.2,up,4.5
2016-03-31,sigmadoselmundo,800,NA,8.2,erc,2.3
2016-03-31,sigmadoselmundo,800,NA,8.2,dil,2.1
2016-03-31,sigmadoselmundo,800,NA,8.2,pnv,1.1
2016-03-31,sigmadoselmundo,800,NA,8.2,pacma,NA
2016-03-31,sigmadoselmundo,800,NA,8.2,eh,NA
2016-03-31,sigmadoselmundo,800,NA,8.2,cc,NA
2016-03-31,sigmadoselmundo,800,NA,8.2,upo,NA
2016-03-30,metroscopiaelpas,1200,73,6.7,pp,27.7
2016-03-30,metroscopiaelpas,1200,73,6.7,psoe,21
2016-03-30,metroscopiaelpas,1200,73,6.7,upo,15.9
2016-03-30,metroscopiaelpas,1200,73,6.7,cs,18.8
2016-03-30,metroscopiaelpas,1200,73,6.7,up,6.9
2016-03-30,metroscopiaelpas,1200,73,6.7,erc,NA
2016-03-30,metroscopiaelpas,1200,73,6.7,dil,NA
2016-03-30,metroscopiaelpas,1200,73,6.7,pnv,NA
2016-03-30,metroscopiaelpas,1200,73,6.7,pacma,NA
2016-03-30,metroscopiaelpas,1200,73,6.7,eh,NA
2016-03-30,metroscopiaelpas,1200,73,6.7,cc,NA
2016-03-30,metroscopiaelpas,1200,73,6.7,upo,NA
2016-03-30,netquestelespaol,1002,NA,8.2,pp,27.5
2016-03-30,netquestelespaol,1002,NA,8.2,psoe,19.3
2016-03-30,netquestelespaol,1002,NA,8.2,upo,17.3
2016-03-30,netquestelespaol,1002,NA,8.2,cs,16.9
2016-03-30,netquestelespaol,1002,NA,8.2,up,7.3
2016-03-30,netquestelespaol,1002,NA,8.2,erc,NA
2016-03-30,netquestelespaol,1002,NA,8.2,dil,NA
2016-03-30,netquestelespaol,1002,NA,8.2,pnv,NA
2016-03-30,netquestelespaol,1002,NA,8.2,pacma,NA
2016-03-30,netquestelespaol,1002,NA,8.2,eh,NA
2016-03-30,netquestelespaol,1002,NA,8.2,cc,NA
2016-03-30,netquestelespaol,1002,NA,8.2,upo,NA
2016-03-27,ncreportlarazn,900,NA,7.4,pp,29.4
2016-03-27,ncreportlarazn,900,NA,7.4,psoe,22
2016-03-27,ncreportlarazn,900,NA,7.4,upo,19.4
2016-03-27,ncreportlarazn,900,NA,7.4,cs,15.3
2016-03-27,ncreportlarazn,900,NA,7.4,up,4.6
2016-03-27,ncreportlarazn,900,NA,7.4,erc,2.4
2016-03-27,ncreportlarazn,900,NA,7.4,dil,1.7
2016-03-27,ncreportlarazn,900,NA,7.4,pnv,1.3
2016-03-27,ncreportlarazn,900,NA,7.4,pacma,NA
2016-03-27,ncreportlarazn,900,NA,7.4,eh,0.7
2016-03-27,ncreportlarazn,900,NA,7.4,cc,0.3
2016-03-27,ncreportlarazn,900,NA,7.4,upo,NA
2016-03-20,encuestamos,2000,NA,6.9,pp,30.1
2016-03-20,encuestamos,2000,NA,6.9,psoe,23.2
2016-03-20,encuestamos,2000,NA,6.9,upo,19.6
2016-03-20,encuestamos,2000,NA,6.9,cs,14.2
2016-03-20,encuestamos,2000,NA,6.9,up,4.1
2016-03-20,encuestamos,2000,NA,6.9,erc,2.6
2016-03-20,encuestamos,2000,NA,6.9,dil,2.2
2016-03-20,encuestamos,2000,NA,6.9,pnv,1.2
2016-03-20,encuestamos,2000,NA,6.9,pacma,NA
2016-03-20,encuestamos,2000,NA,6.9,eh,0.6
2016-03-20,encuestamos,2000,NA,6.9,cc,0.3
2016-03-20,encuestamos,2000,NA,6.9,upo,NA
2016-03-17,ncreportlarazn,1000,64.7,7.2,pp,29.3
2016-03-17,ncreportlarazn,1000,64.7,7.2,psoe,22.1
2016-03-17,ncreportlarazn,1000,64.7,7.2,upo,19.5
2016-03-17,ncreportlarazn,1000,64.7,7.2,cs,15.1
2016-03-17,ncreportlarazn,1000,64.7,7.2,up,4.4
2016-03-17,ncreportlarazn,1000,64.7,7.2,erc,2.3
2016-03-17,ncreportlarazn,1000,64.7,7.2,dil,1.8
2016-03-17,ncreportlarazn,1000,64.7,7.2,pnv,1.2
2016-03-17,ncreportlarazn,1000,64.7,7.2,pacma,NA
2016-03-17,ncreportlarazn,1000,64.7,7.2,eh,0.8
2016-03-17,ncreportlarazn,1000,64.7,7.2,cc,0.4
2016-03-17,ncreportlarazn,1000,64.7,7.2,upo,NA
2016-03-14,mywordcadenaser,1004,NA,6.1,pp,27
2016-03-14,mywordcadenaser,1004,NA,6.1,psoe,20.9
2016-03-14,mywordcadenaser,1004,NA,6.1,upo,15.9
2016-03-14,mywordcadenaser,1004,NA,6.1,cs,18
2016-03-14,mywordcadenaser,1004,NA,6.1,up,7.1
2016-03-14,mywordcadenaser,1004,NA,6.1,erc,NA
2016-03-14,mywordcadenaser,1004,NA,6.1,dil,NA
2016-03-14,mywordcadenaser,1004,NA,6.1,pnv,NA
2016-03-14,mywordcadenaser,1004,NA,6.1,pacma,NA
2016-03-14,mywordcadenaser,1004,NA,6.1,eh,NA
2016-03-14,mywordcadenaser,1004,NA,6.1,cc,NA
2016-03-14,mywordcadenaser,1004,NA,6.1,upo,NA
2016-03-11,invymarklasexta,NA,NA,7.0,pp,28.5
2016-03-11,invymarklasexta,NA,NA,7.0,psoe,20.8
2016-03-11,invymarklasexta,NA,NA,7.0,upo,21.5
2016-03-11,invymarklasexta,NA,NA,7.0,cs,14.3
2016-03-11,invymarklasexta,NA,NA,7.0,up,4.3
2016-03-11,invymarklasexta,NA,NA,7.0,erc,NA
2016-03-11,invymarklasexta,NA,NA,7.0,dil,NA
2016-03-11,invymarklasexta,NA,NA,7.0,pnv,NA
2016-03-11,invymarklasexta,NA,NA,7.0,pacma,NA
2016-03-11,invymarklasexta,NA,NA,7.0,eh,NA
2016-03-11,invymarklasexta,NA,NA,7.0,cc,NA
2016-03-11,invymarklasexta,NA,NA,7.0,upo,NA
2016-03-11,ncreportlarazn,2300,NA,7.3,pp,29.3
2016-03-11,ncreportlarazn,2300,NA,7.3,psoe,22
2016-03-11,ncreportlarazn,2300,NA,7.3,upo,19.8
2016-03-11,ncreportlarazn,2300,NA,7.3,cs,15.1
2016-03-11,ncreportlarazn,2300,NA,7.3,up,4.4
2016-03-11,ncreportlarazn,2300,NA,7.3,erc,2.4
2016-03-11,ncreportlarazn,2300,NA,7.3,dil,1.8
2016-03-11,ncreportlarazn,2300,NA,7.3,pnv,1.2
2016-03-11,ncreportlarazn,2300,NA,7.3,pacma,NA
2016-03-11,ncreportlarazn,2300,NA,7.3,eh,0.8
2016-03-11,ncreportlarazn,2300,NA,7.3,cc,0.3
2016-03-11,ncreportlarazn,2300,NA,7.3,upo,NA
2016-03-10,gadabc,800,67,4.0,pp,28.2
2016-03-10,gadabc,800,67,4.0,psoe,24.2
2016-03-10,gadabc,800,67,4.0,upo,18.7
2016-03-10,gadabc,800,67,4.0,cs,14.1
2016-03-10,gadabc,800,67,4.0,up,3.2
2016-03-10,gadabc,800,67,4.0,erc,2.9
2016-03-10,gadabc,800,67,4.0,dil,1.8
2016-03-10,gadabc,800,67,4.0,pnv,1.2
2016-03-10,gadabc,800,67,4.0,pacma,NA
2016-03-10,gadabc,800,67,4.0,eh,0.7
2016-03-10,gadabc,800,67,4.0,cc,0.3
2016-03-10,gadabc,800,67,4.0,upo,NA
2016-03-09,metroscopiaelpas,1200,75,2.9,pp,26
2016-03-09,metroscopiaelpas,1200,75,2.9,psoe,23.1
2016-03-09,metroscopiaelpas,1200,75,2.9,upo,16.8
2016-03-09,metroscopiaelpas,1200,75,2.9,cs,19.5
2016-03-09,metroscopiaelpas,1200,75,2.9,up,5.4
2016-03-09,metroscopiaelpas,1200,75,2.9,erc,NA
2016-03-09,metroscopiaelpas,1200,75,2.9,dil,NA
2016-03-09,metroscopiaelpas,1200,75,2.9,pnv,NA
2016-03-09,metroscopiaelpas,1200,75,2.9,pacma,NA
2016-03-09,metroscopiaelpas,1200,75,2.9,eh,NA
2016-03-09,metroscopiaelpas,1200,75,2.9,cc,NA
2016-03-09,metroscopiaelpas,1200,75,2.9,upo,NA
2016-03-09,sondaxelavozdegalicia,1002,NA,6.6,pp,28.6
2016-03-09,sondaxelavozdegalicia,1002,NA,6.6,psoe,22
2016-03-09,sondaxelavozdegalicia,1002,NA,6.6,upo,19.1
2016-03-09,sondaxelavozdegalicia,1002,NA,6.6,cs,15.6
2016-03-09,sondaxelavozdegalicia,1002,NA,6.6,up,4.2
2016-03-09,sondaxelavozdegalicia,1002,NA,6.6,erc,2.5
2016-03-09,sondaxelavozdegalicia,1002,NA,6.6,dil,2.1
2016-03-09,sondaxelavozdegalicia,1002,NA,6.6,pnv,1.2
2016-03-09,sondaxelavozdegalicia,1002,NA,6.6,pacma,NA
2016-03-09,sondaxelavozdegalicia,1002,NA,6.6,eh,0.8
2016-03-09,sondaxelavozdegalicia,1002,NA,6.6,cc,0.3
2016-03-09,sondaxelavozdegalicia,1002,NA,6.6,upo,NA
2016-03-09,simplelgica,1206,72.5,4.6,pp,26.2
2016-03-09,simplelgica,1206,72.5,4.6,psoe,21.6
2016-03-09,simplelgica,1206,72.5,4.6,upo,18.3
2016-03-09,simplelgica,1206,72.5,4.6,cs,17.1
2016-03-09,simplelgica,1206,72.5,4.6,up,7.9
2016-03-09,simplelgica,1206,72.5,4.6,erc,NA
2016-03-09,simplelgica,1206,72.5,4.6,dil,NA
2016-03-09,simplelgica,1206,72.5,4.6,pnv,NA
2016-03-09,simplelgica,1206,72.5,4.6,pacma,NA
2016-03-09,simplelgica,1206,72.5,4.6,eh,NA
2016-03-09,simplelgica,1206,72.5,4.6,cc,NA
2016-03-09,simplelgica,1206,72.5,4.6,upo,NA
2016-03-08,gesopelperidico,1000,NA,4.5,pp,26.4
2016-03-08,gesopelperidico,1000,NA,4.5,psoe,21.9
2016-03-08,gesopelperidico,1000,NA,4.5,upo,18.1
2016-03-08,gesopelperidico,1000,NA,4.5,cs,17.8
2016-03-08,gesopelperidico,1000,NA,4.5,up,5.9
2016-03-08,gesopelperidico,1000,NA,4.5,erc,2.4
2016-03-08,gesopelperidico,1000,NA,4.5,dil,1.5
2016-03-08,gesopelperidico,1000,NA,4.5,pnv,NA
2016-03-08,gesopelperidico,1000,NA,4.5,pacma,NA
2016-03-08,gesopelperidico,1000,NA,4.5,eh,NA
2016-03-08,gesopelperidico,1000,NA,4.5,cc,NA
2016-03-08,gesopelperidico,1000,NA,4.5,upo,NA
2016-03-05,celesteteleldiarioes,1100,66.1,6.0,pp,28.6
2016-03-05,celesteteleldiarioes,1100,66.1,6.0,psoe,22.6
2016-03-05,celesteteleldiarioes,1100,66.1,6.0,upo,19.6
2016-03-05,celesteteleldiarioes,1100,66.1,6.0,cs,15.7
2016-03-05,celesteteleldiarioes,1100,66.1,6.0,up,4.6
2016-03-05,celesteteleldiarioes,1100,66.1,6.0,erc,2.5
2016-03-05,celesteteleldiarioes,1100,66.1,6.0,dil,1.9
2016-03-05,celesteteleldiarioes,1100,66.1,6.0,pnv,1.1
2016-03-05,celesteteleldiarioes,1100,66.1,6.0,pacma,NA
2016-03-05,celesteteleldiarioes,1100,66.1,6.0,eh,0.8
2016-03-05,celesteteleldiarioes,1100,66.1,6.0,cc,0.3
2016-03-05,celesteteleldiarioes,1100,66.1,6.0,upo,NA
2016-03-04,ncreportlarazn,1400,65,7.4,pp,29.2
2016-03-04,ncreportlarazn,1400,65,7.4,psoe,21.8
2016-03-04,ncreportlarazn,1400,65,7.4,upo,20.2
2016-03-04,ncreportlarazn,1400,65,7.4,cs,14.9
2016-03-04,ncreportlarazn,1400,65,7.4,up,4.2
2016-03-04,ncreportlarazn,1400,65,7.4,erc,2.4
2016-03-04,ncreportlarazn,1400,65,7.4,dil,1.9
2016-03-04,ncreportlarazn,1400,65,7.4,pnv,1.2
2016-03-04,ncreportlarazn,1400,65,7.4,pacma,NA
2016-03-04,ncreportlarazn,1400,65,7.4,eh,0.8
2016-03-04,ncreportlarazn,1400,65,7.4,cc,0.4
2016-03-04,ncreportlarazn,1400,65,7.4,upo,NA
2016-03-03,jmapblico,NA,67.3,5.6,pp,26.5
2016-03-03,jmapblico,NA,67.3,5.6,psoe,20.2
2016-03-03,jmapblico,NA,67.3,5.6,upo,20.9
2016-03-03,jmapblico,NA,67.3,5.6,cs,16.9
2016-03-03,jmapblico,NA,67.3,5.6,up,3.3
2016-03-03,jmapblico,NA,67.3,5.6,erc,2.6
2016-03-03,jmapblico,NA,67.3,5.6,dil,2.4
2016-03-03,jmapblico,NA,67.3,5.6,pnv,1.3
2016-03-03,jmapblico,NA,67.3,5.6,pacma,NA
2016-03-03,jmapblico,NA,67.3,5.6,eh,1
2016-03-03,jmapblico,NA,67.3,5.6,cc,0.4
2016-03-03,jmapblico,NA,67.3,5.6,upo,NA
2016-02-26,invymarklasexta,1200,NA,4.7,pp,26.8
2016-02-26,invymarklasexta,1200,NA,4.7,psoe,20.3
2016-02-26,invymarklasexta,1200,NA,4.7,upo,22.1
2016-02-26,invymarklasexta,1200,NA,4.7,cs,15.8
2016-02-26,invymarklasexta,1200,NA,4.7,up,4.5
2016-02-26,invymarklasexta,1200,NA,4.7,erc,NA
2016-02-26,invymarklasexta,1200,NA,4.7,dil,NA
2016-02-26,invymarklasexta,1200,NA,4.7,pnv,NA
2016-02-26,invymarklasexta,1200,NA,4.7,pacma,NA
2016-02-26,invymarklasexta,1200,NA,4.7,eh,NA
2016-02-26,invymarklasexta,1200,NA,4.7,cc,NA
2016-02-26,invymarklasexta,1200,NA,4.7,upo,NA
2016-02-23,dymelconfidencial,1071,NA,3.5,pp,25.6
2016-02-23,dymelconfidencial,1071,NA,3.5,psoe,22.1
2016-02-23,dymelconfidencial,1071,NA,3.5,upo,19.8
2016-02-23,dymelconfidencial,1071,NA,3.5,cs,17.6
2016-02-23,dymelconfidencial,1071,NA,3.5,up,5.4
2016-02-23,dymelconfidencial,1071,NA,3.5,erc,NA
2016-02-23,dymelconfidencial,1071,NA,3.5,dil,NA
2016-02-23,dymelconfidencial,1071,NA,3.5,pnv,NA
2016-02-23,dymelconfidencial,1071,NA,3.5,pacma,NA
2016-02-23,dymelconfidencial,1071,NA,3.5,eh,NA
2016-02-23,dymelconfidencial,1071,NA,3.5,cc,NA
2016-02-23,dymelconfidencial,1071,NA,3.5,upo,NA
2016-02-19,invymarklasexta,NA,NA,4.6,pp,26.4
2016-02-19,invymarklasexta,NA,NA,4.6,psoe,21.8
2016-02-19,invymarklasexta,NA,NA,4.6,upo,20.7
2016-02-19,invymarklasexta,NA,NA,4.6,cs,16.2
2016-02-19,invymarklasexta,NA,NA,4.6,up,4.2
2016-02-19,invymarklasexta,NA,NA,4.6,erc,NA
2016-02-19,invymarklasexta,NA,NA,4.6,dil,NA
2016-02-19,invymarklasexta,NA,NA,4.6,pnv,NA
2016-02-19,invymarklasexta,NA,NA,4.6,pacma,NA
2016-02-19,invymarklasexta,NA,NA,4.6,eh,NA
2016-02-19,invymarklasexta,NA,NA,4.6,cc,NA
2016-02-19,invymarklasexta,NA,NA,4.6,upo,NA
2016-02-18,sigmadoselmundo,1000,NA,4.7,pp,27.8
2016-02-18,sigmadoselmundo,1000,NA,4.7,psoe,23.1
2016-02-18,sigmadoselmundo,1000,NA,4.7,upo,18.8
2016-02-18,sigmadoselmundo,1000,NA,4.7,cs,15.3
2016-02-18,sigmadoselmundo,1000,NA,4.7,up,4
2016-02-18,sigmadoselmundo,1000,NA,4.7,erc,2.4
2016-02-18,sigmadoselmundo,1000,NA,4.7,dil,2.1
2016-02-18,sigmadoselmundo,1000,NA,4.7,pnv,1.1
2016-02-18,sigmadoselmundo,1000,NA,4.7,pacma,NA
2016-02-18,sigmadoselmundo,1000,NA,4.7,eh,NA
2016-02-18,sigmadoselmundo,1000,NA,4.7,cc,NA
2016-02-18,sigmadoselmundo,1000,NA,4.7,upo,NA
2016-02-18,ncreportlarazn,1400,65.3,7.5,pp,28.9
2016-02-18,ncreportlarazn,1400,65.3,7.5,psoe,21.4
2016-02-18,ncreportlarazn,1400,65.3,7.5,upo,21.1
2016-02-18,ncreportlarazn,1400,65.3,7.5,cs,14.2
2016-02-18,ncreportlarazn,1400,65.3,7.5,up,3.4
2016-02-18,ncreportlarazn,1400,65.3,7.5,erc,2.5
2016-02-18,ncreportlarazn,1400,65.3,7.5,dil,2
2016-02-18,ncreportlarazn,1400,65.3,7.5,pnv,1.2
2016-02-18,ncreportlarazn,1400,65.3,7.5,pacma,NA
2016-02-18,ncreportlarazn,1400,65.3,7.5,eh,0.8
2016-02-18,ncreportlarazn,1400,65.3,7.5,cc,0.3
2016-02-18,ncreportlarazn,1400,65.3,7.5,upo,NA
2016-02-17,encuestamos,1800,NA,3.5,pp,27.7
2016-02-17,encuestamos,1800,NA,3.5,psoe,24.2
2016-02-17,encuestamos,1800,NA,3.5,upo,20.5
2016-02-17,encuestamos,1800,NA,3.5,cs,13.9
2016-02-17,encuestamos,1800,NA,3.5,up,3.4
2016-02-17,encuestamos,1800,NA,3.5,erc,2.5
2016-02-17,encuestamos,1800,NA,3.5,dil,2.1
2016-02-17,encuestamos,1800,NA,3.5,pnv,1.1
2016-02-17,encuestamos,1800,NA,3.5,pacma,NA
2016-02-17,encuestamos,1800,NA,3.5,eh,0.9
2016-02-17,encuestamos,1800,NA,3.5,cc,0.3
2016-02-17,encuestamos,1800,NA,3.5,upo,NA
2016-02-16,gipeyop,1960,NA,4.8,pp,27.1
2016-02-16,gipeyop,1960,NA,4.8,psoe,22.3
2016-02-16,gipeyop,1960,NA,4.8,upo,22.3
2016-02-16,gipeyop,1960,NA,4.8,cs,14.9
2016-02-16,gipeyop,1960,NA,4.8,up,3.2
2016-02-16,gipeyop,1960,NA,4.8,erc,2.4
2016-02-16,gipeyop,1960,NA,4.8,dil,2.4
2016-02-16,gipeyop,1960,NA,4.8,pnv,1.2
2016-02-16,gipeyop,1960,NA,4.8,pacma,NA
2016-02-16,gipeyop,1960,NA,4.8,eh,0.7
2016-02-16,gipeyop,1960,NA,4.8,cc,NA
2016-02-16,gipeyop,1960,NA,4.8,upo,NA
2016-02-11,gadabc,800,68,6.5,pp,27.9
2016-02-11,gadabc,800,68,6.5,psoe,20.8
2016-02-11,gadabc,800,68,6.5,upo,21.4
2016-02-11,gadabc,800,68,6.5,cs,14.9
2016-02-11,gadabc,800,68,6.5,up,3.3
2016-02-11,gadabc,800,68,6.5,erc,2.6
2016-02-11,gadabc,800,68,6.5,dil,1.9
2016-02-11,gadabc,800,68,6.5,pnv,1.4
2016-02-11,gadabc,800,68,6.5,pacma,NA
2016-02-11,gadabc,800,68,6.5,eh,0.7
2016-02-11,gadabc,800,68,6.5,cc,0.3
2016-02-11,gadabc,800,68,6.5,upo,NA
2016-02-10,estudiodesociologaconsultores,2100,NA,6.4,pp,29
2016-02-10,estudiodesociologaconsultores,2100,NA,6.4,psoe,22.6
2016-02-10,estudiodesociologaconsultores,2100,NA,6.4,upo,20.9
2016-02-10,estudiodesociologaconsultores,2100,NA,6.4,cs,14
2016-02-10,estudiodesociologaconsultores,2100,NA,6.4,up,4
2016-02-10,estudiodesociologaconsultores,2100,NA,6.4,erc,3.4
2016-02-10,estudiodesociologaconsultores,2100,NA,6.4,dil,1.8
2016-02-10,estudiodesociologaconsultores,2100,NA,6.4,pnv,1.1
2016-02-10,estudiodesociologaconsultores,2100,NA,6.4,pacma,NA
2016-02-10,estudiodesociologaconsultores,2100,NA,6.4,eh,NA
2016-02-10,estudiodesociologaconsultores,2100,NA,6.4,cc,NA
2016-02-10,estudiodesociologaconsultores,2100,NA,6.4,upo,NA
2016-02-07,jmapblico,NA,70.5,6.6,pp,27.8
2016-02-07,jmapblico,NA,70.5,6.6,psoe,20.4
2016-02-07,jmapblico,NA,70.5,6.6,upo,21.2
2016-02-07,jmapblico,NA,70.5,6.6,cs,14.9
2016-02-07,jmapblico,NA,70.5,6.6,up,3.8
2016-02-07,jmapblico,NA,70.5,6.6,erc,2.6
2016-02-07,jmapblico,NA,70.5,6.6,dil,2.3
2016-02-07,jmapblico,NA,70.5,6.6,pnv,1.2
2016-02-07,jmapblico,NA,70.5,6.6,pacma,NA
2016-02-07,jmapblico,NA,70.5,6.6,eh,0.9
2016-02-07,jmapblico,NA,70.5,6.6,cc,0.3
2016-02-07,jmapblico,NA,70.5,6.6,upo,NA
2016-02-05,simplelgica,1048,75.6,5.2,pp,26.9
2016-02-05,simplelgica,1048,75.6,5.2,psoe,21.7
2016-02-05,simplelgica,1048,75.6,5.2,upo,20.3
2016-02-05,simplelgica,1048,75.6,5.2,cs,18.9
2016-02-05,simplelgica,1048,75.6,5.2,up,5.1
2016-02-05,simplelgica,1048,75.6,5.2,erc,NA
2016-02-05,simplelgica,1048,75.6,5.2,dil,NA
2016-02-05,simplelgica,1048,75.6,5.2,pnv,NA
2016-02-05,simplelgica,1048,75.6,5.2,pacma,NA
2016-02-05,simplelgica,1048,75.6,5.2,eh,NA
2016-02-05,simplelgica,1048,75.6,5.2,cc,NA
2016-02-05,simplelgica,1048,75.6,5.2,upo,NA
2016-02-05,celesteteleldiarioes,1100,66.6,6.1,pp,28.5
2016-02-05,celesteteleldiarioes,1100,66.6,6.1,psoe,22.4
2016-02-05,celesteteleldiarioes,1100,66.6,6.1,upo,20.4
2016-02-05,celesteteleldiarioes,1100,66.6,6.1,cs,15.1
2016-02-05,celesteteleldiarioes,1100,66.6,6.1,up,3.7
2016-02-05,celesteteleldiarioes,1100,66.6,6.1,erc,2.7
2016-02-05,celesteteleldiarioes,1100,66.6,6.1,dil,2
2016-02-05,celesteteleldiarioes,1100,66.6,6.1,pnv,1.2
2016-02-05,celesteteleldiarioes,1100,66.6,6.1,pacma,NA
2016-02-05,celesteteleldiarioes,1100,66.6,6.1,eh,0.8
2016-02-05,celesteteleldiarioes,1100,66.6,6.1,cc,0.4
2016-02-05,celesteteleldiarioes,1100,66.6,6.1,upo,NA
2016-02-05,invymarklasexta,NA,NA,6.2,pp,27.8
2016-02-05,invymarklasexta,NA,NA,6.2,psoe,21.1
2016-02-05,invymarklasexta,NA,NA,6.2,upo,21.6
2016-02-05,invymarklasexta,NA,NA,6.2,cs,15.1
2016-02-05,invymarklasexta,NA,NA,6.2,up,3.8
2016-02-05,invymarklasexta,NA,NA,6.2,erc,NA
2016-02-05,invymarklasexta,NA,NA,6.2,dil,NA
2016-02-05,invymarklasexta,NA,NA,6.2,pnv,NA
2016-02-05,invymarklasexta,NA,NA,6.2,pacma,NA
2016-02-05,invymarklasexta,NA,NA,6.2,eh,NA
2016-02-05,invymarklasexta,NA,NA,6.2,cc,NA
2016-02-05,invymarklasexta,NA,NA,6.2,upo,NA
2016-02-04,metroscopiaelpas,1000,73,0.7,pp,24
2016-02-04,metroscopiaelpas,1000,73,0.7,psoe,23.3
2016-02-04,metroscopiaelpas,1000,73,0.7,upo,19.9
2016-02-04,metroscopiaelpas,1000,73,0.7,cs,18.5
2016-02-04,metroscopiaelpas,1000,73,0.7,up,4.3
2016-02-04,metroscopiaelpas,1000,73,0.7,erc,NA
2016-02-04,metroscopiaelpas,1000,73,0.7,dil,NA
2016-02-04,metroscopiaelpas,1000,73,0.7,pnv,NA
2016-02-04,metroscopiaelpas,1000,73,0.7,pacma,NA
2016-02-04,metroscopiaelpas,1000,73,0.7,eh,NA
2016-02-04,metroscopiaelpas,1000,73,0.7,cc,NA
2016-02-04,metroscopiaelpas,1000,73,0.7,upo,NA
2016-01-21,gadabc,802,70,8.8,pp,30.1
2016-01-21,gadabc,802,70,8.8,psoe,21.3
2016-01-21,gadabc,802,70,8.8,upo,20
2016-01-21,gadabc,802,70,8.8,cs,13.4
2016-01-21,gadabc,802,70,8.8,up,2.9
2016-01-21,gadabc,802,70,8.8,erc,2.4
2016-01-21,gadabc,802,70,8.8,dil,2.1
2016-01-21,gadabc,802,70,8.8,pnv,1.1
2016-01-21,gadabc,802,70,8.8,pacma,NA
2016-01-21,gadabc,802,70,8.8,eh,1.1
2016-01-21,gadabc,802,70,8.8,cc,0.3
2016-01-21,gadabc,802,70,8.8,upo,NA
2016-01-21,ncreportlarazn,1900,65.6,8.8,pp,30.7
2016-01-21,ncreportlarazn,1900,65.6,8.8,psoe,21.1
2016-01-21,ncreportlarazn,1900,65.6,8.8,upo,21.9
2016-01-21,ncreportlarazn,1900,65.6,8.8,cs,12
2016-01-21,ncreportlarazn,1900,65.6,8.8,up,3.4
2016-01-21,ncreportlarazn,1900,65.6,8.8,erc,2.4
2016-01-21,ncreportlarazn,1900,65.6,8.8,dil,2.2
2016-01-21,ncreportlarazn,1900,65.6,8.8,pnv,1.2
2016-01-21,ncreportlarazn,1900,65.6,8.8,pacma,NA
2016-01-21,ncreportlarazn,1900,65.6,8.8,eh,0.8
2016-01-21,ncreportlarazn,1900,65.6,8.8,cc,0.3
2016-01-21,ncreportlarazn,1900,65.6,8.8,upo,NA
2016-01-19,mywordcadenaser,1000,NA,6.7,pp,28
2016-01-19,mywordcadenaser,1000,NA,6.7,psoe,21.3
2016-01-19,mywordcadenaser,1000,NA,6.7,upo,20.3
2016-01-19,mywordcadenaser,1000,NA,6.7,cs,14.4
2016-01-19,mywordcadenaser,1000,NA,6.7,up,4.7
2016-01-19,mywordcadenaser,1000,NA,6.7,erc,NA
2016-01-19,mywordcadenaser,1000,NA,6.7,dil,NA
2016-01-19,mywordcadenaser,1000,NA,6.7,pnv,NA
2016-01-19,mywordcadenaser,1000,NA,6.7,pacma,NA
2016-01-19,mywordcadenaser,1000,NA,6.7,eh,NA
2016-01-19,mywordcadenaser,1000,NA,6.7,cc,NA
2016-01-19,mywordcadenaser,1000,NA,6.7,upo,NA
2016-01-16,redondoasociados,NA,NA,7.7,pp,30.5
2016-01-16,redondoasociados,NA,NA,7.7,psoe,20.7
2016-01-16,redondoasociados,NA,NA,7.7,upo,22.8
2016-01-16,redondoasociados,NA,NA,7.7,cs,10.9
2016-01-16,redondoasociados,NA,NA,7.7,up,NA
2016-01-16,redondoasociados,NA,NA,7.7,erc,NA
2016-01-16,redondoasociados,NA,NA,7.7,dil,NA
2016-01-16,redondoasociados,NA,NA,7.7,pnv,NA
2016-01-16,redondoasociados,NA,NA,7.7,pacma,NA
2016-01-16,redondoasociados,NA,NA,7.7,eh,NA
2016-01-16,redondoasociados,NA,NA,7.7,cc,NA
2016-01-16,redondoasociados,NA,NA,7.7,upo,NA
2016-01-15,invymarklasexta,NA,NA,9.2,pp,30.8
2016-01-15,invymarklasexta,NA,NA,9.2,psoe,20.8
2016-01-15,invymarklasexta,NA,NA,9.2,upo,21.6
2016-01-15,invymarklasexta,NA,NA,9.2,cs,12.6
2016-01-15,invymarklasexta,NA,NA,9.2,up,3.5
2016-01-15,invymarklasexta,NA,NA,9.2,erc,NA
2016-01-15,invymarklasexta,NA,NA,9.2,dil,NA
2016-01-15,invymarklasexta,NA,NA,9.2,pnv,NA
2016-01-15,invymarklasexta,NA,NA,9.2,pacma,NA
2016-01-15,invymarklasexta,NA,NA,9.2,eh,NA
2016-01-15,invymarklasexta,NA,NA,9.2,cc,NA
2016-01-15,invymarklasexta,NA,NA,9.2,upo,NA
2016-01-15,celesteteleldiarioes,1100,67.5,8.1,pp,30.2
2016-01-15,celesteteleldiarioes,1100,67.5,8.1,psoe,21.9
2016-01-15,celesteteleldiarioes,1100,67.5,8.1,upo,22.1
2016-01-15,celesteteleldiarioes,1100,67.5,8.1,cs,12.6
2016-01-15,celesteteleldiarioes,1100,67.5,8.1,up,3.3
2016-01-15,celesteteleldiarioes,1100,67.5,8.1,erc,2.5
2016-01-15,celesteteleldiarioes,1100,67.5,8.1,dil,2.1
2016-01-15,celesteteleldiarioes,1100,67.5,8.1,pnv,1.1
2016-01-15,celesteteleldiarioes,1100,67.5,8.1,pacma,NA
2016-01-15,celesteteleldiarioes,1100,67.5,8.1,eh,0.9
2016-01-15,celesteteleldiarioes,1100,67.5,8.1,cc,0.3
2016-01-15,celesteteleldiarioes,1100,67.5,8.1,upo,NA
2016-01-15,ncreport,955,NA,8.4,pp,30.5
2016-01-15,ncreport,955,NA,8.4,psoe,22.1
2016-01-15,ncreport,955,NA,8.4,upo,20.7
2016-01-15,ncreport,955,NA,8.4,cs,13.4
2016-01-15,ncreport,955,NA,8.4,up,3.6
2016-01-15,ncreport,955,NA,8.4,erc,NA
2016-01-15,ncreport,955,NA,8.4,dil,NA
2016-01-15,ncreport,955,NA,8.4,pnv,NA
2016-01-15,ncreport,955,NA,8.4,pacma,NA
2016-01-15,ncreport,955,NA,8.4,eh,NA
2016-01-15,ncreport,955,NA,8.4,cc,NA
2016-01-15,ncreport,955,NA,8.4,upo,NA
2016-01-15,encuestamos,1800,NA,11.0,pp,33.2
2016-01-15,encuestamos,1800,NA,11.0,psoe,22.2
2016-01-15,encuestamos,1800,NA,11.0,upo,21.4
2016-01-15,encuestamos,1800,NA,11.0,cs,10.9
2016-01-15,encuestamos,1800,NA,11.0,up,2.9
2016-01-15,encuestamos,1800,NA,11.0,erc,2.5
2016-01-15,encuestamos,1800,NA,11.0,dil,2
2016-01-15,encuestamos,1800,NA,11.0,pnv,1.1
2016-01-15,encuestamos,1800,NA,11.0,pacma,NA
2016-01-15,encuestamos,1800,NA,11.0,eh,0.8
2016-01-15,encuestamos,1800,NA,11.0,cc,0.3
2016-01-15,encuestamos,1800,NA,11.0,upo,NA
2016-01-14,metroscopiaelpas,1200,76.4,6.5,pp,29
2016-01-14,metroscopiaelpas,1200,76.4,6.5,psoe,21.1
2016-01-14,metroscopiaelpas,1200,76.4,6.5,upo,22.5
2016-01-14,metroscopiaelpas,1200,76.4,6.5,cs,16.6
2016-01-14,metroscopiaelpas,1200,76.4,6.5,up,3.2
2016-01-14,metroscopiaelpas,1200,76.4,6.5,erc,NA
2016-01-14,metroscopiaelpas,1200,76.4,6.5,dil,NA
2016-01-14,metroscopiaelpas,1200,76.4,6.5,pnv,NA
2016-01-14,metroscopiaelpas,1200,76.4,6.5,pacma,NA
2016-01-14,metroscopiaelpas,1200,76.4,6.5,eh,NA
2016-01-14,metroscopiaelpas,1200,76.4,6.5,cc,NA
2016-01-14,metroscopiaelpas,1200,76.4,6.5,upo,NA
2016-01-14,estudiodesociologaconsultores,2200,NA,10.0,pp,32.4
2016-01-14,estudiodesociologaconsultores,2200,NA,10.0,psoe,22.4
2016-01-14,estudiodesociologaconsultores,2200,NA,10.0,upo,20.5
2016-01-14,estudiodesociologaconsultores,2200,NA,10.0,cs,13.2
2016-01-14,estudiodesociologaconsultores,2200,NA,10.0,up,3.9
2016-01-14,estudiodesociologaconsultores,2200,NA,10.0,erc,NA
2016-01-14,estudiodesociologaconsultores,2200,NA,10.0,dil,NA
2016-01-14,estudiodesociologaconsultores,2200,NA,10.0,pnv,NA
2016-01-14,estudiodesociologaconsultores,2200,NA,10.0,pacma,NA
2016-01-14,estudiodesociologaconsultores,2200,NA,10.0,eh,NA
2016-01-14,estudiodesociologaconsultores,2200,NA,10.0,cc,NA
2016-01-14,estudiodesociologaconsultores,2200,NA,10.0,upo,NA
2016-01-12,simplelgica,1050,77.1,8.7,pp,30
2016-01-12,simplelgica,1050,77.1,8.7,psoe,20.4
2016-01-12,simplelgica,1050,77.1,8.7,upo,21.3
2016-01-12,simplelgica,1050,77.1,8.7,cs,14.7
2016-01-12,simplelgica,1050,77.1,8.7,up,4.8
2016-01-12,simplelgica,1050,77.1,8.7,erc,NA
2016-01-12,simplelgica,1050,77.1,8.7,dil,NA
2016-01-12,simplelgica,1050,77.1,8.7,pnv,NA
2016-01-12,simplelgica,1050,77.1,8.7,pacma,NA
2016-01-12,simplelgica,1050,77.1,8.7,eh,NA
2016-01-12,simplelgica,1050,77.1,8.7,cc,NA
2016-01-12,simplelgica,1050,77.1,8.7,upo,NA
2016-01-11,imopllorentecuenca,1000,69,7.9,pp,31.4
2016-01-11,imopllorentecuenca,1000,69,7.9,psoe,23.5
2016-01-11,imopllorentecuenca,1000,69,7.9,upo,19.5
2016-01-11,imopllorentecuenca,1000,69,7.9,cs,11.8
2016-01-11,imopllorentecuenca,1000,69,7.9,up,3.4
2016-01-11,imopllorentecuenca,1000,69,7.9,erc,2.3
2016-01-11,imopllorentecuenca,1000,69,7.9,dil,1.8
2016-01-11,imopllorentecuenca,1000,69,7.9,pnv,1.2
2016-01-11,imopllorentecuenca,1000,69,7.9,pacma,NA
2016-01-11,imopllorentecuenca,1000,69,7.9,eh,0.9
2016-01-11,imopllorentecuenca,1000,69,7.9,cc,NA
2016-01-11,imopllorentecuenca,1000,69,7.9,upo,NA
2016-01-11,cis,2496,NA,6.9,pp,28.8
2016-01-11,cis,2496,NA,6.9,psoe,20.5
2016-01-11,cis,2496,NA,6.9,upo,21.9
2016-01-11,cis,2496,NA,6.9,cs,13.3
2016-01-11,cis,2496,NA,6.9,up,3.7
2016-01-11,cis,2496,NA,6.9,erc,2.8
2016-01-11,cis,2496,NA,6.9,dil,1.7
2016-01-11,cis,2496,NA,6.9,pnv,1.3
2016-01-11,cis,2496,NA,6.9,pacma,NA
2016-01-11,cis,2496,NA,6.9,eh,1
2016-01-11,cis,2496,NA,6.9,cc,0
2016-01-11,cis,2496,NA,6.9,upo,NA
2015-12-20,generalelection,NA,69.7,6.7,pp,28.7
2015-12-20,generalelection,NA,69.7,6.7,psoe,22
2015-12-20,generalelection,NA,69.7,6.7,upo,20.7
2015-12-20,generalelection,NA,69.7,6.7,cs,13.9
2015-12-20,generalelection,NA,69.7,6.7,up,3.7
2015-12-20,generalelection,NA,69.7,6.7,erc,2.4
2015-12-20,generalelection,NA,69.7,6.7,dil,2.2
2015-12-20,generalelection,NA,69.7,6.7,pnv,1.2
2015-12-20,generalelection,NA,69.7,6.7,pacma,0.9
2015-12-20,generalelection,NA,69.7,6.7,eh,0.9
2015-12-20,generalelection,NA,69.7,6.7,cc,0.3
2015-12-20,generalelection,NA,69.7,6.7,upo,NA
